X,Y,Z,Name,Category,Price,Suburb,,,,,,,,,
151.2044981,-33.8648903,0,Tiny's Sandwich Bar,Sandwiches,$$,CBD,,,,,Sandwiches,,,Viewbox,
151.2063034,-33.8685174,0,The Charles Brasserie & Bar,French,$$$$,CBD,,,,,French,,,-34.09,150.67
151.2112593,-33.8626965,0,Pearl Dining,Cantonese,$$$$,Circular Quay,,,,,Cantonese,,,-33.59,151.34
151.2018792,-33.8653615,0,Bottega Coco,Italian,$$$$,Barangaroo,,,,,Italian,,,,
151.2154446,-33.8889762,0,Arthur Surry Hills,Australian,$$$$$,Surry Hills,,,,,Australian,,,,
151.2138665,-33.8867209,0,NOUR,Middle-Eastern,$$$$,Surry Hills,,,,,Middle-Eastern,,,,
151.2135605,-33.8862901,0,Ito Restaurant,Japanese,$$$,Surry Hills,,,,,Japanese,,,,
151.210175,-33.8974442,0,Ora Restaurant,Japanese,$$$,Waterloo,,,,,Japanese,,,,
151.1596696,-33.9119561,0,HOUSE OF PAPI,Dessert,$,Marrickville,,,,,Dessert,,,,
151.2014199,-33.8643171,0,Shortstop Coffee & Donuts,Dessert,$,Barangaroo,,,,,Dessert,,,,
151.1973855,-33.8668159,0,LuMi Dining,Italian-Japanese,$$$$$$,Pyrmont,,,,,Italian-Japanese,,,,
151.2583183,-33.9184725,0,mimi's,Australian,$$$$$,Coogee,,,,,Australian,,,,
151.2090994,-33.8566476,0,6HEAD Sydney,Steakhouse,$$$$$,The Rocks,,,,,Steakhouse,,,,
151.0896029,-33.9312228,0,Chebbo's Burgers - Roselands,Burgers,$,Roselands,,,,,Burgers,,,,
151.2012023,-33.8625568,0,Oncore by Clare Smyth,British,$$$$$$,Barangaroo,,,,,British,,,,
151.2080003,-33.8384212,0,Poetica Bar & Grill,Steakhouse,$$$,North Sydney,,,,,Steakhouse,,,,
151.2247802,-33.8750955,0,Farmhouse Kings Cross,Australian,$$$,Kings Cross,,,,,Australian,,,,
151.2628539,-33.8704584,0,Catalina Restaurant,Seafood,$$$$$,Rose Bay,,,,,Seafood,,,,
151.2104365,-33.865653,0,Alfie's,Steakhouse,$$$,CBD,,,,,Steakhouse,,,,
151.2110278,-33.8828778,0,Reuben Hills,Brunch,$$,Surry Hills,,,,,Brunch,,,,
151.2011511,-33.8785445,0,Edition Roasters,Brunch,$$,Potts Point,,,,,Brunch,,,,
151.2066502,-33.8768617,0,Edition Roasters World Square,Brunch,$$,Haymarket,,,,,Brunch,,,,
151.2061772,-33.8678094,0,A.P Place (A.P Bakery),Bakery,$$,CBD,,,,,Bakery,,,,
151.1830286,-33.8941214,0,TokyoTaco,Japanese,$$,Newtown,,,,,Japanese,,,,
151.2212417,-33.8780411,0,Shadow Baking - Darlinghurst,Bakery,$,Darlinghurst,,,,,Bakery,,,,
151.2105251,-33.8842038,0,TOKKI,Asian-Fusion,$$$,Surry Hills,,,,,Asian-Fusion,,,,
151.2138107,-33.8868562,0,Armorica,French,$$$,Surry Hills,,,,,French,,,,
151.2053387,-33.8701665,0,Izgara,Turkish,$$$,CBD,,,,,Turkish,,,,
151.2084655,-33.8637428,0,Kid Kyoto,Japanese,$$$,CBD,,,,,Japanese,,,,
151.225318,-33.869544,0,Cho Cho San,Japanese,$$$,Potts Point,,,,,Japanese,,,,
151.2065551,-33.8696141,0,Esteban,Mexican,$$$$,CBD,,,,,Mexican,,,,
151.2017139,-33.8670524,0,Alegre Bar and Dining,Mexican,$$$$,Barangaroo,,,,,Mexican,,,,
151.2249714,-33.8702612,0,Franca Brasserie,French,$$$$,Potts Point,,,,,French,,,,
151.2102007,-33.8813543,0,Goryon San,Japanese,$$$,Surry Hills,,,,,Japanese,,,,
151.1570661,-33.8813898,0,Capriccio Osteria,Italian,$$$,Leichardt,,,,,Italian,,,,
151.2054998,-33.8696973,0,Santa Catarina: Oaxacan Restaurant & Mezcal Bar Sydney,Mexican,$$$,CBD,,,,,Mexican,,,,
151.2052217,-33.8672334,0,UCHILOUNGE / O'Uchi,Japanese,$$,CBD,,,,,Japanese,,,,
151.2093505,-33.8680725,0,AALIA Restaurant Sydney,Middle-Eastern,$$$$,CBD,,,,,Middle-Eastern,,,,
150.9358217,-33.8949543,0,Air Lab,Dessert,$,Cabramatta,,,,,Dessert,,,,
151.2540766,-33.9116406,0,Cut Lunch Deli,Sandwiches,$$,Clovelly,,,,,Sandwiches,,,,
151.2291667,-33.8858333,0,10 William St,Italian,$$$,Paddington,,,,,Italian,,,,
151.2073333,-33.862388,0,Banksia Bakehouse,Dessert,$,The Rocks,,,,,Dessert,,,,
151.207768,-33.866682,0,Felix,French,$$$$,CBD,,,,,French,,,,
151.2071492,-33.8785847,0,Mango Coco,Bingsu,$$,Haymarket,,,,,Bingsu,,,,
151.2065277,-33.8709869,0,ESQ Bar + Dining,Steakhouse,$$$$,CBD,,,,,Steakhouse,,,,
151.2051313,-33.8697461,0,Palazzo Salato,Italian,$$$$,CBD,,,,,Italian,,,,
151.2063283,-33.8746681,0,Dedy's Café,Drinks,$$,CBD,,,,,Drinks,,,,
151.223215,-33.8719552,0,Chester White Cured Diner,Italian,$$$,Potts Point,,,,,Italian,,,,
151.2090454,-33.8686141,0,Kazan Japanese Dining,Japanese,$$$,CBD,,,,,Japanese,,,,
151.1977255,-33.8885437,0,KINDRED Restaurant,Italian,$$$,Darlington,,,,,Italian,,,,
151.2109494,-33.8625166,0,Grana,Italian,$$$,Circular Quay,,,,,Italian,,,,
151.278366,-33.8883782,0,Harrys Bondi,Brunch,$$,Bondi,,,,,Brunch,,,,
151.1757265,-33.8984559,0,Hakiki Newtown,Dessert,$,Newtown,,,,,Dessert,,,,
151.222494,-33.8728797,0,Anotherplace,Bagels,$$,Potts Point,,,,,Bagels,,,,
151.2017518,-33.9031295,0,Peanut Butter Bar Dessert Sydney,Dessert,$$,Alexandria,,,,,Dessert,,,,
151.2064778,-33.874744,0,Uncle Tetsu's Japanese Cheesecake Sydney,Dessert,$,CBD,,,,,Dessert,,,,
151.182573,-33.8992877,0,Pizza Bros,Italian,$$,Erskineville,,,,,Italian,,,,
151.2160865,-33.8822968,0,Cicerone ~ Cucina Romana,Italian,$$,Surry Hills,,,,,Italian,,,,
151.210066,-33.8692083,0,Fabbrica Pasta Shop CBD,Italian,$$,CBD,,,,,Italian,,,,
151.2251944,-33.86885,0,Fratelli Paradiso,Italian,$$$,Potts Point,,,,,Italian,,,,
151.1909463,-33.9054767,0,Pino Vino e Cucina Alexandria,Italian,$$$,Alexandria,,,,,Italian,,,,
151.2149743,-33.8792515,0,SANDOITCHI DARLINGHURST,Sandwiches,$$,Darlinghurst,,,,,Sandwiches,,,,
151.2544865,-33.9023934,0,Frank's Deli,Sandwiches,$$,Waverley,,,,,Sandwiches,,,,
151.2129873,-33.8891109,0,Lucky Pickle,Sandwiches,$,Surry Hills,,,,,Sandwiches,,,,
151.271812,-33.887195,0,The Shop & Wine Bar,Sandwiches,$$,Bondi,,,,,Sandwiches,,,,
151.1997769,-33.884778,0,Lukumades - Chippendale,Dessert,$,Chippendale,,,,,Dessert,,,,
151.2252281,-33.8693698,0,Macleay St Bistro,French,$$$$,Potts Point,,,,,French,,,,
151.1538768,-33.8958744,0,Perama 2.0,Greek,$$,Petersham,,,,,Greek,,,,
151.2146819,-33.8792007,0,Tenacious Bakehouse,Bakery,$,Darlinghurst,,,,,Bakery,,,,
151.2024467,-33.9090924,0,TASTE TEXTURE,Brunch,$$,Beaconsfield,,,,,Brunch,,,,
151.2244681,-33.8728437,0,SALUMERIE - Potts Point,Sandwiches,$$,Potts Point,,,,,Sandwiches,,,,
151.2016167,-33.8781179,0,Kuki Soft Serve & Cookies,Dessert,$,Haymarket,,,,,Dessert,,,,
151.2105307,-33.8777986,0,Alberto's Lounge,Italian,$$,Surry Hills,,,,,Italian,,,,
151.2073516,-33.866462,0,Bar Totti's,Italian,$$$,CBD,,,,,Italian,,,,
151.2252005,-33.8717141,0,Bistro Rex Restaurant,French,$$$$,Potts Point,,,,,French,,,,
151.2078628,-33.8632981,0,BISTECCA,Steakhouse,$$$,CBD,,,,,Steakhouse,,,,
151.2101555,-33.8692214,0,The Gidley,Steakhouse,$$$,CBD,,,,,Steakhouse,,,,
151.2104197,-33.8651304,0,Restaurant Hubert,French,$$$$,CBD,,,,,French,,,,
151.196206,-33.873194,0,Café Cre Asion,Drinks,$,Pyrmont,,,,,Drinks,,,,
151.2077198,-33.8634153,0,Brooklyn Bridge Deli,Sandwiches,$,CBD,,,,,Sandwiches,,,,
151.1953274,-33.9020862,0,Chok Chok Burgers,Burgers,$$,Alexandria,,,,,Burgers,,,,
151.2064637,-33.8668185,0,Bopp & Tone,Steakhouse,$$$$,CBD,,,,,Steakhouse,,,,
151.1836905,-33.8932399,0,Bella Brutta,Italian,$$,Newtown,,,,,Italian,,,,
151.2167835,-33.8779691,0,Lucio Pizzeria,Italian,$$,Darlinghurst,,,,,Italian,,,,
151.209841,-33.8799569,0,DOC Pizza - Surry Hills,Italian,$$,Surry Hills,,,,,Italian,,,,
151.2120923,-33.8829786,0,Al Taglio,Italian,$$,Surry Hills,,,,,Italian,,,,
151.2155344,-33.8876403,0,La Panchina,Italian,$$,Surry Hills,,,,,Italian,,,,
151.2158434,-33.8850846,0,Vacanza Pizzeria Surry Hills,Italian,$$,Surry Hills,,,,,Italian,,,,
151.206308,-33.8823042,0,City Oltra,Italian,$$,Haymarket,,,,,Italian,,,,
151.178076,-33.8964672,0,Westwood,Italian,$$,Newtown,,,,,Italian,,,,
151.1797845,-33.8960878,0,Mary's Newtown,Burgers,$$,Newtown,,,,,Burgers,,,,
151.2583333,-33.9122222,0,Out Of The Blue Clovelly,Burgers,$,Clovelly,,,,,Burgers,,,,
151.2109731,-33.8632044,0,Clam Bar,Steakhouse,$$$$,CBD,,,,,Steakhouse,,,,
151.1720624,-33.9075191,0,Slim's Quality Burger,Burgers,$,Marrickville,,,,,Burgers,,,,
151.234174,-33.8842847,0,Ursula's Paddington,Australian,$$$$,Paddington,,,,,Australian,,,,
151.2414835,-33.8768885,0,Margaret,Steakhouse,$$$$,Double Bay,,,,,Seafood,,,,
151.1837679,-33.8932057,0,Café Paci,Australian,$$$,Newtown,,,,,Australian,,,,
151.2300262,-33.8867589,0,Fred's,Australian,$$$$,Paddington,,,,,Australian,,,,
151.2155031,-33.8870599,0,Jane Surry Hills,Australian,$$$,Surry Hills,,,,,Australian,,,,
151.2098913,-33.8800003,0,Pellegrino 2000,Italian,$$$,Surry Hills,,,,,Italian,,,,
151.2106623,-33.8641373,0,Brasserie 1930,French,$$$$,CBD,,,,,French,,,,
151.2103627,-33.8867576,0,The Blue Door,Australian,$$$$$,Surry Hills,,,,,Australian,,,,
151.2082914,-33.839201,0,RAFI North Sydney,Australian,$$$,North Sydney,,,,,Australian,,,,
151.2458154,-33.8042783,0,Ormeggio at The Spit,Italian,$$$$,Mosman,,,,,Italian,,,,
151.2093471,-33.8863627,0,Porteño,Steakhouse,$$$$$,Surry Hills,,,,,Steakhouse,,,,
151.1665381,-33.9113031,0,Baba's Place,Middle-Eastern,$$$,Marrickville,,,,,Middle-Eastern,,,,
151.209904,-33.8788571,0,Kiln,Australian,$$$,CBD,,,,,Australian,,,,
151.2416013,-33.8782013,0,bibo Wine Bar,Wine Bar,$$$,Double Bay,,,,,Wine Bar,,,,
151.2369444,-33.8883333,0,Bistro Moncur,French,$$$$,Woollahra,,,,,French,,,,
151.2325627,-33.8884607,0,I Maccheroni,Italian,$$$,Woollahra,,,,,Italian,,,,
151.2560592,-33.9202552,0,Osteria Coogee,Italian,$$$,Coogee,,,,,European,,,,
151.0939125,-33.8722759,0,Café Crop Strathfield,Bingsu,$,Strathfield,,,,,Bingsu,,,,
151.2105959,-33.8625005,0,Bouillon L'Entrecôte,French,$$$$,Circular Quay,,,,,French,,,,
151.2145394,-33.8783974,0,THEECA,Brunch,$$,Darlinghurst,,,,,Brunch,,,,
151.2076641,-33.866358,0,Oti',Sandwiches,$$,CBD,,,,,Sandwiches,,,,
151.2088787,-33.8622072,0,Kosta's Takeaway Circular Quay,Sandwiches,$$,Circular Quay,,,,,Sandwiches,,,,
151.2102926,-33.8868843,0,Izakaya Fujiyama,Japanese,$$,Surry Hills,,,,,Japanese,,,,
151.2078521,-33.8640567,0,Mr. Wong,Cantonese,$$$$,CBD,,,,,Cantonese,,,,
151.2141447,-33.8918838,0,Sofia on Cleveland,Greek,$$$,Surry Hills,,,,,Greek,,,,
151.2012965,-33.8648912,0,Zushi Barangaroo - Japanese Restaurant,Japanese,$$$,Barangaroo,,,,,Japanese,,,,
151.2022326,-33.8778097,0,Ume Burger Darling Square,Burgers,$,Haymarket,,,,,Burgers,,,,
151.3089195,-33.6605504,0,Bert's Bar and Brasserie,Steakhouse,$$$$,Newport,,,,,Steakhouse,,,,
151.2507367,-33.8950188,0,Rosso Pomodoro Bondi Junction,Italian,$$,Bondi Junction,,,,,Italian,,,,
151.272552,-33.88753,0,"Society Pizza Bar, Bondi Beach",Italian,$$,Bondi,,,,,Italian,,,,
151.211934,-33.863968,0,Bar Luca,Burgers,$$,CBD,,,,,Burgers,,,,
151.153467,-33.8965223,0,Frango Petersham,Chicken,$,Petersham,,,,,Chicken,,,,
151.2834692,-33.8897583,0,Little L Burgers,Burgers,$,Bondi,,,,,Burgers,,,,
151.2687898,-33.8948987,0,Totti's,Italian,$$$,Bondi,,,,,Italian,,,,
151.2782782,-33.8591237,0,Washoku Vaucluse,Japanese,$$,Vaucluse,,,,,Japanese,,,,
151.278172,-33.888589,0,Raw Bar,Japanese,$$,Bondi,,,,,Japanese,,,,
151.2713575,-33.887647,0,S'WICH | bondi,Sandwiches,$$,Bondi,,,,,Sandwiches,,,,
151.214503,-33.881331,0,Zushi Surry Hills - Japanese Restaurant,Japanese,$$$,Surry Hills,,,,,Japanese,,,,
151.1783181,-33.8567842,0,Rosso Balmain,Italian,$$,Balmain,,,,,Italian,,,,
151.259944,-33.8755426,0,Washoku Rose Bay,Japanese,$$,Rose Bay,,,,,Japanese,,,,
151.1091362,-33.9278857,0,Nieo's Grille Earlwood,Chicken,$,Earlwood,,,,,Chicken,,,,
151.2253578,-33.8708503,0,The Apollo Restaurant,Greek,$$$,Potts Point,,,,,Greek,,,,
151.171047,-33.899767,0,Stix & Pita,Greek,$,Enmore,,,,,Greek,,,,
151.2728897,-33.8926802,0,Ikaria Bondi,Greek,$$$,Bondi,,,,,Greek,,,,
151.2046678,-33.8707332,0,Medusa Greek Taverna,Greek,$$$,CBD,,,,,Greek,,,,
151.1028624,-33.8562048,0,Frango Concord,Chicken,$,Concord,,,,,Chicken,,,,
151.1714313,-33.9079146,0,Frango Marrickville Metro,Chicken,$,Marrickville,,,,,Chicken,,,,
151.2102038,-33.866098,0,Rockpool Bar & Grill Sydney,Steakhouse,$$$$$,CBD,,,,,Steakhouse,,,,
151.1752725,-33.8858474,0,Grumpy Donuts,Dessert,$,Camperdown,,,,,Dessert,,,,
151.243308,-33.9204334,0,Del Punto,Spanish,$$,Randwick,,,,,Spanish,,,,
151.2424839,-33.9199667,0,Mammas and Papas Ristorante and Pizzeria,Italian,$$,Randwick,,,,,Italian,,,,
151.2114053,-33.8828131,0,Shaffa,Middle-Eastern,$$$$,Surry Hills,,,,,Middle-Eastern,,,,
151.209152,-33.875305,0,Alpha Dining,Greek,$$$$,CBD,,,,,Greek,,,,
151.2003562,-33.9222063,0,Mega Gyros Rosebery,Greek,$,Roseberry,,,,,Greek,,,,
151.1281642,-33.9450366,0,Gyradiko Bexley,Greek,$$,Bexley,,,,,Greek,,,,
151.2224665,-33.8726326,0,Ms.G's,Asian-Fusion,$$$,Potts Point,,,,,Asian-Fusion,,,,
151.2239622,-33.8744308,0,Ezra,Middle-Eastern,$$$$,Potts Point,,,,,Middle-Eastern,,,,
151.2062418,-33.8693274,0,Industry Beans York St,Brunch,$,CBD,,,,,Brunch,,,,
151.2183911,-33.9101239,0,Bar Lucio,Brunch,$,Kensington,,,,,Brunch,,,,
151.2111141,-33.8793807,0,Paramount Coffee Project,Brunch,$$,Surry Hills,,,,,Brunch,,,,
151.2245045,-33.8724065,0,Room Ten,Brunch,$$,Potts Point,,,,,Brunch,,,,
151.209149,-33.8723764,0,Pablo & Rusty's Sydney CBD,Brunch,$$,CBD,,,,,Brunch,,,,
151.2061255,-33.8684916,0,Sammy Junior,Brunch,$,CBD,,,,,Brunch,,,,
151.2049645,-33.8679582,0,Cross Eatery.,Brunch,$,CBD,,,,,Brunch,,,,
151.2705692,-33.8886697,0,Makaveli Bondi,Brunch,$,Bondi,,,,,Brunch,,,,
151.1398804,-33.742452,0,Brasserie L'Entrecôte,French,$$$,Pymble,,,,,French,,,,
151.1218426,-33.595391,0,Berowra Waters Inn,Australian,$$$$$$,Berowra,,,,,Australian,,,,
151.2022931,-33.8785708,0,Lilong by Taste of Shanghai (Darling Square),Cantonese,$$,Haymarket,,,,,Cantonese,,,,
151.2088585,-33.8811779,0,The Famous Surry Hills,Brunch,$,Surry Hills,,,,,Brunch,,,,
151.2130016,-33.8891978,0,Malika Bakehouse Surry Hills,Bakery,$$,Surry Hills,,,,,Bakery,,,,
151.2437586,-33.8779438,0,Yo-Chi,Dessert,$,Double Bay,,,,,Dessert,,,,
151.2134628,-33.8868146,0,Yo-Chi,Dessert,$,Surry Hills,,,,,Dessert,,,,
151.2013195,-33.8640659,0,Yo-Chi,Dessert,$,Barangaroo,,,,,Dessert,,,,
151.275832,-33.889146,0,Yo-Chi,Dessert,$,Bondi,,,,,Dessert,,,,
151.2076265,-33.8744848,0,FREO TOWN HALL (BATHURST ST),Dessert,$,CBD,,,,,Dessert,,,,
151.2854243,-33.7943619,0,Pocket Pizza Manly,Italian,$$,Manly,,,,,Italian,,,,
151.113685,-33.9383077,0,My Mother's Cousin Bexley North,Italian,$$,Bexley North,,,,,Italian,,,,
151.2131472,-33.8981711,0,Johnny Gio's Pizza Waterloo,Italian,$$,Waterloo,,,,,Italian,,,,
151.2055481,-33.874724,0,Ice Kirin Bar,Dessert,$,CBD,,,,,Dessert,,,,
151.208522,-33.872627,0,Big Bite on Pitt,Sandwiches,$,CBD,,,,,Sandwiches,,,,
151.2078063,-33.8634574,0,North Sandwiches and Burger Bridge St,Sandwiches,$,Circular Quay,,,,,Sandwiches,,,,
151.2083229,-33.8588704,0,North Sandwiches & Burger Bar,Sandwiches,$,The Rocks,,,,,Sandwiches,,,,
151.0884262,-33.8635197,0,Mister Gee North Strathfield,Burgers,$,North Strathfield,,,,,Burgers,,,,
151.175561,-33.8984936,0,Azuki Bakery,Bakery,$,Newtown,,,,,Bakery,,,,
151.2011763,-33.8782279,0,Matcha-Ya,Dessert,$,Haymarket,,,,,Dessert,,,,
151.1123302,-34.0067481,0,Paul's Famous Hamburgers,Burgers,$,Sylvania,,,,,Burgers,,,,
151.1385674,-33.8805626,0,Happyfield Haberfield,Brunch,$$,Haberfield,,,,,Brunch,,,,
151.2169517,-33.8830672,0,TenTo,Japanese,$$,Surry Hills,,,,,Japanese,,,,
151.2136648,-33.8783039,0,The sandwich stop,Sandwiches,$,Darlinghurst,,,,,Sandwiches,,,,
151.1839802,-33.8929507,0,Uncle Tee's Crepes Newtown,Dessert,$,Newtown,,,,,Dessert,,,,
151.1428414,-33.9231325,0,OL'MATES Sandwich Shop,Sandwiches,$,Earlwood,,,,,Sandwiches,,,,
151.2065571,-33.8696428,0,Mensho Tokyo Ramen Sydney,Ramen,$$$,CBD,,,,,Ramen,,,,
151.2263526,-33.8786501,0,Cross Section,Sandwiches,$,Darlinghurst,,,,,Sandwiches,,,,
151.2674749,-33.8946167,0,Up South Bondi,Brunch,$$,Bondi,,,,,Brunch,,,,
151.1807182,-33.8833551,0,Delisia Panino & Espresso Sydney,Sandwiches,$,Forest Lodge,,,,,Sandwiches,,,,
151.2213095,-33.8781651,0,The Waratah,Australian,$$$,Darlinghurst,,,,,Australian,,,,
151.2160878,-33.8827313,0,Lavie & Belle Bakery Surry Hills,Bakery,$,Surry Hills,,,,,Bakery,,,,
151.138977,-33.9536994,0,Happy Alley,Sandwiches,$$,Rockdale,,,,,Sandwiches,,,,
151.2142465,-33.8850203,0,170 Grammi Pizzeria,Italian,$$,Surry Hills,,,,,Italian,,,,
151.2758582,-33.8892556,0,Bottega Sydney (Bondi),Sandwiches,$,Bondi,,,,,Sandwiches,,,,
151.2861539,-33.7973907,0,Bottega Sydney (Manly),Sandwiches,$,Manly,,,,,Sandwiches,,,,
151.2408333,-33.825,0,Washoku Mosman,Japanese,$$,Mosman,,,,,Japanese,,,,
151.20957,-33.8863238,0,Humble Bakery - Surry Hills,Bakery,$,Surry Hills,,,,,Bakery,,,,
151.2583183,-33.9184725,0,will's,Burgers,$$,Coogee,,,,,Burgers,,,,
151.2247425,-33.8729972,0,Penny's Cheese Shop,Sandwiches,$,Potts Point,,,,,Sandwiches,,,,
151.1784655,-33.8970109,0,Tokyo Lamington Newtown,Dessert,$,Marrickville,,,,,Dessert,,,,
151.2224435,-33.925226,0,Bobo Bakery,Bakery,$,Bondi,,,,,Bakery,,,,
151.2210814,-33.8786946,0,Ouzo Bar & Dining,Greek,$$$,Darlinghurst,,,,,Greek,,,,
151.2210876,-33.878456,0,PUNPUN,Sandwiches,$,Darlinghurst,,,,,Sandwiches,,,,
151.281274,-33.8896092,0,Pocket Bondi,Australian,$$$,Bondi,,,,,Australian,,,,
151.144317,-33.955536,0,The Burek Brothers & Co.,Bakery,$$,Rockdale,,,,,Bakery,,,,
151.2034355,-33.8799521,0,Torori Warabimochi Australia,Dessert,$,Haymarket,,,,,Dessert,,,,
151.2560188,-33.9232022,0,Louie,Italian,$$$,Coogee,,,,,Italian,,,,
151.2037251,-33.8765016,0,Gyuniku Buffet,Japanese,$$$,Haymarket,,,,,Japanese,,,,
151.1673365,-33.9073486,0,ONA Coffee Sydney | Café Marrickville,Brunch,$$,Marrickville,,,,,Brunch,,,,
151.2094045,-33.8863329,0,Bastardo,Italian,$$$,Surry Hills,,,,,Italian,,,,
151.2109731,-33.8632044,0,Neptune's Grotto,Italian,$$$,Circular Quay,,,,,Italian,,,,
151.2318567,-33.8863741,0,Saint Peter at The Grand National Hotel,Seafood,$$$$$$,Paddington,,,,,Seafood,,,,
151.2100844,-33.8575687,0,Quay Restaurant,Australian,$$$$$$,The Rocks,,,,,Australian,,,,
151.1647189,-33.8925401,0,Sixpenny,Australian,$$$$$$,Stanmore,,,,,Australian,,,,
151.2093107,-33.8633205,0,Allta,Korean,$$$$$,Circular Quay,,,,,Korean,,,,
151.2132635,-33.8592041,0,Aria Restaurant Sydney,Australian,$$$$$,Circular Quay,,,,,Australian,,,,
151.2087911,-33.8656204,0,Bentley Restaurant + Bar,Australian,$$$$$,CBD,,,,,Australian,,,,
151.2051274,-33.8684747,0,King Clarence,Asian-Fusion,$$$$,CBD,,,,,Asian-Fusion,,,,
151.2886732,-33.7816101,0,Pilu at Freshwater,Italian,$$$$$,Freshwater,,,,,Italian,,,,
151.2431709,-33.8759323,0,Saké Restaurant & Bar Double Bay,Japanese,$$$$,Double Bay,,,,,Japanese,,,,
151.2476856,-33.807003,0,St Siandra,Italian,$$$,Mosman,,,,,Italian,,,,
151.2101938,-33.8660068,0,Spice Temple Sydney,Cantonese,$$$$,CBD,,,,,Cantonese,,,,
151.1658036,-33.9081969,0,20 Chapel,Australian,$$$,Marrickville,,,,,Australian,,,,
151.2009308,-33.8921908,0,Attenzione Food & Wine,Italian,$$$,Redfern,,,,,Italian,,,,
151.2154123,-33.873561,0,Flour and Stone,Bakery,$,Woolloomooloo,,,,,Bakery,,,,
151.205586,-33.8929085,0,Breadfern Bakery,Bakery,$,Redfern,,,,,Bakery,,,,
151.2132391,-33.8881521,0,Lode Pies & Pastries,Bakery,$,Surry Hills,,,,,Bakery,,,,
151.2148985,-33.8894017,0,Bourke Street Bakery Surry Hills,Bakery,$,Surry Hills,,,,,Bakery,,,,
151.2110859,-33.880537,0,A.P Supply (A.P Bakery),Bakery,$,Surry Hills,,,,,Bakery,,,,
151.2095574,-33.8624101,0,Tapavino,Spanish,$$$,Circular Quay,,,,,Spanish,,,,
151.2112574,-33.882972,0,Bar Copains,French,$$$,Surry Hills,,,,,French,,,,
151.2081456,-33.8618074,0,Bistro George,Australian,$$$$,Circular Quay,,,,,Australian,,,,
151.2241799,-33.8794351,0,Buon Ricordo Italian Restaurant & Private Dining,Italian,$$$$,Paddington,,,,,Italian,,,,
151.2329103,-33.8848928,0,Civico 47,Italian,$$$$,Paddington,,,,,Italian,,,,
151.221776,-33.8778066,0,Fabbrica Pasta Bar Darlinghurst,Italian,$$,Darlinghurst,,,,,Italian,,,,
151.1848156,-33.8927487,0,Fabbrica Pasta Bar Newtown,Italian,$$,Newtown,,,,,Italian,,,,
151.1733235,-33.8987746,0,Firepop,Australian,$$,Enmore,,,,,Australian,,,,
151.2016009,-33.8925741,0,Fontana,Italian,$$$,Redfern,,,,,Italian,,,,
151.2062891,-33.8716791,0,Ho Jiak Town Hall - Junda's Playground,Malaysian,$$$,CBD,,,,,Malaysian,,,,
151.2353524,-33.8899874,0,Hotel Centennial,Australian,$$$,Woollahra,,,,,Australian,,,,
151.2109494,-33.8625166,0,Lana,Italian,$$$$,Circular Quay,,,,,Italian,,,,
151.2015895,-33.8848073,0,Longshore,Australian,$$$$,Chippendale,,,,,Australian,,,,
151.20995,-33.8436731,0,"Loulou Bistro, Boulangerie & Traiteur",French,$$$$,Milsons Point,,,,,French,,,,
151.1768099,-33.898201,0,MAIZ Mexican Food,Mexican,$$,Newtown,,,,,Mexican,,,,
151.20647,-33.8662062,0,Maydanoz Restaurant Bar,Turkish,$$$,CBD,,,,,Turkish,,,,
151.212847,-33.861272,0,Oborozuki,Japanese,$$$$$$,Circular Quay,,,,,Japanese,,,,
151.1730886,-33.8990104,0,Osteria di Russo & Russo Enmore,Italian,$$$,Enmore,,,,,Italian,,,,
151.2110326,-33.8791576,0,Poly,Australian,$$$,Surry Hills,,,,,Australian,,,,
151.2046542,-33.8779247,0,Royal Palace Seafood Restaurant,Cantonese,$$$,Haymarket,,,,,Cantonese,,,,
151.1950493,-33.8627372,0,Sala,Italian,$$$$,Pyrmont,,,,,Italian,,,,
151.2065264,-33.8663322,0,SOUL Dining,Korean,$$$,CBD,,,,,Korean,,,,
151.208984,-33.8562134,0,The Dining Room by James Viles,Australian,$$$$$,The Rocks,,,,,Australian,,,,
151.2138641,-33.8853965,0,The White Horse,Australian,$$$,Surry Hills,,,,,Australian,,,,
151.1508742,-33.9319501,0,Yan Restaurant,Asian-Fusion,$$$,Wolli Creek,,,,,Asian-Fusion,,,,
151.1607623,-33.9119074,0,Chebbo's Burgers - Marrickville,Burgers,$,Marrickville,,,,,Burgers,,,,
151.1809417,-33.9088583,0,Yiamas Greek Taverna,Greek,$$$,St Peters,,,,,Greek,,,,
151.2127434,-33.8768292,0,Hendry's Coffee,Drinks,$,Darlinghurst,,,,,Drinks,,,,
151.2062472,-33.8743526,0,Hakata Gensuke Regent Place - Ramen Professional,Ramen,$$,CBD,,,,,Ramen,,,,
151.20683,-33.8396803,0,Rengaya,Japanese,$$$$,North Sydney,,,,,Japanese,,,,
151.1713175,-33.8959826,0,Emma's Snack Bar,Middle-Eastern,$$,Enmore,,,,,Middle-Eastern,,,,
151.2803024,-33.8862489,0,Ciao Bella,Brunch,$$,Bondi,,,,,Brunch,,,,
151.2025967,-33.8646426,0,Devon Café Barangaroo,Brunch,$$,Barangaroo,,,,,Brunch,,,,
151.2217291,-33.8775671,0,Una's,Chicken,$$,Darlinghurst,,,,,Chicken,,,,
151.1656939,-33.9028832,0,MMC Slice Shoppe,Italian,$$,Marrickville,,,,,Italian,,,,
151.2417795,-33.8775033,0,Tanuki Restaurant Sydney,Japanese,$$$$,Double Bay,,,,,Japanese,,,,
151.2238821,-33.874435,0,Teddy,Australian,$$$,Potts Point,,,,,Australian,,,,
151.2123161,-33.8918937,0,Olympus Dining,Greek,$$$,Redfern,,,,,Greek,,,,
151.3070091,-33.677065,0,Suki Modern Asian,Asian-Fusion,$$$,Mona Vale,,,,,Asian-Fusion,,,,
151.0857306,-34.0328917,0,Fior,Italian,$$$,Gymea ,,,,,Italian,,,,
151.2741516,-33.8855644,0,Lox In A Box,Bagels,$$,Bondi,,,,,Bagels,,,,
151.2554345,-33.9205192,0,Lox In A Box,Bagels,$$,Coogee,,,,,Bagels,,,,
151.1712467,-33.8615041,0,Eat at RoBs,Burgers,$,Rozelle ,,,,,Burgers,,,,
151.1997896,-33.8875432,0,KHANOM HOUSE by the baking lists,Bakery,$,Chippendale,,,,,Bakery,,,,
151.155821,-33.9601832,0,Ammos Brighton,Greek,$$$$,Brighton,,,,,Greek,,,,
151.1060283,-33.8121729,0,Top Ryde Baker's House,Banh Mi,$,Ryde ,,,,,Banh Mi,,,,
151.2017379,-33.8635807,0,Callao Barangaroo,Japanese,$$$$,Barangaroo,,,,,Japanese,,,,
151.2184017,-33.8831494,0,South Dowling Sandwiches,Sandwiches,$,Darlinghurst ,,,,,Sandwiches,,,,
151.2038824,-33.8610341,0,South Dowling Sandwiches,Sandwiches,$,Millers Point ,,,,,Sandwiches,,,,
151.1938213,-33.9125362,0,South Dowling Sandwiches Alexandria,Sandwiches,$,Alexandria,,,,,Sandwiches,,,,
151.2057364,-33.8674436,0,Diego & Co. Traditional Italian Deli,Sandwiches,$,CBD,,,,,Sandwiches,,,,
151.129304,-33.8693667,0,Raineri's Continental Delicatessen,Sandwiches,$,Five Dock,,,,,Sandwiches,,,,
151.2035736,-33.8929506,0,Mezepotamia,Middle-Eastern,$$$,Redfern,,,,,Middle-Eastern,,,,
151.251265,-33.909788,0,A Man and his Monkey Café,Brunch,$$,Randwick,,,,,Brunch,,,,
151.2123161,-33.8918937,0,Regina La Pizzeria,Italian,$$,Redfern,,,,,Italian,,,,
151.2248158,-33.8788928,0,KASKA Eatery & Café,Brunch,$,Darlinghurst,,,,,Brunch,,,,
151.2036867,-33.9055307,0,Social Society,Brunch,$$,Zetland,,,,,Brunch,,,,
151.1957224,-33.8573034,0,The Fenwick,Australian,$$$$,Balmain,,,,,Australian,,,,
151.201955,-33.8626041,0,Haven Coffee - Barangaroo,Drinks,$,Barangaroo,,,,,Drinks,,,,
151.2141063,-33.8805442,0,MLK Deli,Sandwiches,$$,Surry Hills,,,,,Sandwiches,,,,
151.2078332,-33.8749751,0,Luke's Kitchen at Kimpton Margot Hotel Sydney,Australian,$$$$,CBD,,,,,Australian,,,,
151.2021682,-33.8837152,0,age.3 Sydney,Sandwiches,$,Ultimo,,,,,Sandwiches,,,,
151.2081867,-33.860185,0,ASLAN Coffee Roasters The Rocks,Brunch,$,The Rocks,,,,,Brunch,,,,
151.2058851,-33.9143337,0,Moon & Back Café,Dessert,$,Roseberry,,,,,Dessert,,,,
151.2071446,-33.8725992,0,Workshop Espresso,Drinks,$,CBD,,,,,Drinks,,,,
151.2040575,-33.8819082,0,Outta Coffee,Drinks,$,Haymarket,,,,,Drinks,,,,
150.937456,-33.8946548,0,tomodachi,Japanese,$,Cabramatta,,,,,Japanese,,,,
151.2251917,-33.8738335,0,Caravin,French,$$$,Potts Point,,,,,French,,,,
151.2714307,-33.7625848,0,Tommy Panini,Sandwiches,$$,Brookvale,,,,,Sandwiches,,,,
151.2977647,-33.7199234,0,Two Hungry Bears Narrabeen,Burgers,$$,Narrabeen,,,,,Burgers,,,,
151.0804579,-34.0173789,0,Jensens Restaurant,Australian,$$$$,Kareela,,,,,Australian,,,,
151.1745952,-33.8561621,0,Home Croissanterie,Bakery,$,Balmain,,,,,Bakery,,,,
151.1583673,-33.9111949,0,Gyradiko Marrickville,Greek,$$,Marrickville,,,,,Greek,,,,
151.126723,-33.9714921,0,Self Raised Bread Shoppe,Sandwiches,$,Carlton,,,,,Sandwiches,,,,
151.1618149,-33.9235651,0,Lil Franky Pizzeria,Italian,$$,Tempe,,,,,Italian,,,,
151.2104083,-33.8811473,0,Brooklyn Boy Bagels,Bagels,$,Surry Hills,,,,,Bagels,,,,
151.1547368,-33.9094401,0,Goodwood Bakeshop Marrickville,Bakery,$,Marrickville,,,,,Bakery,,,,
151.2063766,-33.867832,0,Eleven Barrack,Steakhouse,$$$$$,CBD,,,,,Steakhouse,,,,
151.2516731,-33.8912375,0,Dopa Donburi - Bondi Junction,Japanese,$$,Bondi Junction,,,,,Japanese,,,,
151.202973,-33.8784749,0,Dopa Donburi and Dessert - Darling Square,Japanese,$$,Haymarket,,,,,Japanese,,,,
151.2062902,-33.8745852,0,Dopa Donburi and Dessert - Regent Place,Japanese,$$,CBD,,,,,Japanese,,,,
151.2071504,-33.8724408,0,Dopa Donburi - Galeries,Japanese,$$,CBD,,,,,Japanese,,,,
151.2081694,-33.8621449,0,Dopa Donburi - Sydney Place,Japanese,$$,Circular Quay,,,,,Japanese,,,,
151.1938694,-33.8836547,0,Dopa Donburi - Broadway Centre,Japanese,$$,Glebe,,,,,Japanese,,,,
151.2078241,-33.8377504,0,Dopa Donburi - Victoria Cross,Japanese,$$,North Sydney,,,,,Japanese,,,,
151.155301,-33.909768,0,Gelato Franco,Dessert,$,Marrickville,,,,,Dessert,,,,
151.2096465,-33.8810973,0,Single O Surry Hills,Brunch,$$,Surry Hills,,,,,Brunch,,,,
151.2084053,-33.8914606,0,Good Ways Deli,Sandwiches,$,Redfern,,,,,Sandwiches,,,,
151.1854772,-33.7956613,0,Bistro Kai,Australian,$$$,Chatswood,,,,,Australian,,,,
151.1610292,-33.9121775,0,Angus,Sandwiches,$$,Marrickville,,,,,Sandwiches,,,,
151.1069844,-33.8693818,0,The Cheeseburger Factory Burwood,Burgers,$,Burwood,,,,,Burgers,,,,
151.1957557,-33.8954933,0,Sana Mediterranean - South Eveleigh,Salads,$,Eveleigh,,,,,Salads,,,,
151.1609725,-33.9125619,0,Algorithm Café Marrickville,Brunch,$$,Marrickville,,,,,Brunch,,,,
151.0375144,-33.9181929,0,Tokyo Samba,Japanese,$$$,Bankstown,,,,,Japanese,,,,
151.1754074,-33.8985149,0,The Stinking Bishops,Sandwiches,$$,Newtown,,,,,Sandwiches,,,,
151.1831524,-33.8930847,0,BUTTERLEAF,Salads,$$,Newtown,,,,,Salads,,,,
151.2229489,-33.8747572,0,Salad Days,Salads,$,Potts Point ,,,,,Salads,,,,
151.1542052,-33.9124068,0,Lox In A Box - Corner Deli,Bagels,$$,Marrickville,,,,,Bagels,,,,
151.2106101,-33.8778986,0,Parami,Drinks,$,CBD,,,,,Drinks,,,,
151.2077123,-33.8724356,0,T Totaler,Drinks,$,CBD,,,,,Drinks,,,,
151.2101991,-33.8835593,0,JIBBICOFFEE ROASTERS,Drinks,$,Surry Hills,,,,,Drinks,,,,
151.2413241,-33.876748,0,Baker Bleu,Bakery,$$,Double Bay,,,,,Bakery,,,,
151.287253,-33.7978462,0,Norma's Deli,Sandwiches,$$,Manly,,,,,Sandwiches,,,,
151.2629955,-33.8940497,0,Uncut Seafood Delicatessen,Seafood,$$,Bondi,,,,,Seafood,,,,
151.178442,-33.8962391,0,Mister Grotto,Seafood,$$$$,Newtown,,,,,Seafood,,,,
151.2430673,-33.8774156,0,Brown Rice,Japanese,$$,Double Bay,,,,,Japanese,,,,
151.2157995,-33.8746722,0,"Love, Tilly Devine",Wine Bar,$$$,Darlinghurst,,,,,Wine Bar,,,,
151.224396,-33.8723029,0,Dear Sainte Éloise,Wine Bar,$$$,Potts Point,,,,,Wine Bar,,,,
151.0888749,-33.9293603,0,Peppina's Pizza Roselands,Italian,$$,Roselands,,,,,Italian,,,,
151.1830227,-33.894041,0,La Favola - Authentic Italian Newtown,Italian,$$,Newtown,,,,,Italian,,,,
151.0944048,-33.9723819,0,BSP'ERIA Penshurst,Italian,$$,Penshurts,,,,,Italian,,,,
151.2046897,-33.8817798,0,Chubby Cubby Café,Drinks,$,Haymarket,,,,,Drinks,,,,
151.2491884,-33.8897212,0,Café Mazal,Brunch,$$,Woollahra,,,,,Brunch,,,,
151.0048065,-33.8168563,0,Harvey's Hot Sandwiches,Sandwiches,$,Parramatta,,,,,Sandwiches,,,,
151.1089809,-33.8232275,0,Pane e Prosciutto Artisan Deli & Panini Bar,Sandwiches,$,Putney,,,,,Sandwiches,,,,
151.206755,-33.8634117,0,Envoy Café,Drinks,$,CBD,,,,,Drinks,,,,
151.2428156,-33.9199381,0,Umami House,Burgers,$,Randwick,,,,,Burgers,,,,
151.2026722,-33.9161588,0,Da Mario Restaurant,Italian,$$,Roseberry,,,,,Italian,,,,
151.2500757,-33.893155,0,Ta Ta Ta Pizza,Italian,$$,Bondi Junction,,,,,Italian,,,,
151.2543732,-33.9018963,0,Vacanza Pizzeria Bronte Road,Italian,$$,Waverley,,,,,Italian,,,,
151.2019928,-33.892394,0,La Coppola,Italian,$$,Redfern,,,,,Italian,,,,
151.1763248,-33.8987945,0,Rosso Antico Pizza Bar,Italian,$$,Newtown,,,,,Italian,,,,
151.2177463,-33.8811662,0,Dimitri's Pizzeria,Italian,$$,Darlinghurst,,,,,Italian,,,,
151.1854766,-33.9230708,0,La Bufala,Italian,$$,Mascot,,,,,Italian,,,,
151.1619643,-33.9097759,0,Pizza Madre,Italian,$$,Marrickville,,,,,Italian,,,,
151.1528636,-34.0548377,0,Queen Margherita of Savoy,Italian,$$,Cronulla,,,,,Italian,,,,
151.0793739,-33.9805127,0,Tutto Vero Pizzeria,Italian,$$,Oatley,,,,,Italian,,,,
151.1698168,-33.8157039,0,Via Napoli Pizzeria Lane Cove,Italian,$$,Lane Cove,,,,,Italian,,,,
151.2240074,-33.8744369,0,Bar Lucia,Spanish,$$$,Potts Point,,,,,Spanish,,,,
151.2128466,-33.8850733,0,Bar Conte Surry Hills,Wine Bar,$$$$,Surry Hills,,,,,Wine Bar,,,,
151.2229259,-33.872833,0,Small's Deli,Sandwiches,$$,Potts Point,,,,,Sandwiches,,,,
151.2785369,-33.7330774,0,Tothy Brothers Deli,Sandwiches,$$,Wheeler Heights,,,,,Sandwiches,,,,
151.1507088,-33.8843534,0,Dom Panino,Sandwiches,$$,Leichardt,,,,,Sandwiches,,,,
151.1784181,-33.8963062,0,Continental Deli Bar Bistro,Wine Bar,$$$,Newtown,,,,,Wine Bar,,,,
151.151912,-34.054412,0,LOAF Cronulla,Sandwiches,$,Cronulla,,,,,Sandwiches,,,,
151.224746,-33.8751039,0,Ken's Continental,Sandwiches,$$,Rushcutters Bay,,,,,Sandwiches,,,,
151.1809619,-33.910576,0,The Bearded Baristaa,Sandwiches,$$,St Peters,,,,,Sandwiches,,,,
151.202372,-33.885981,0,Charc Specialty Meats & Coffee,Sandwiches,$,Chippendale,,,,,Sandwiches,,,,
151.2090603,-33.8862328,0,City Edge Café,Sandwiches,$,Surry Hills,,,,,Sandwiches,,,,
151.2682166,-33.8947717,0,Trattoria Elva,Italian,$$,Bondi,,,,,Italian,,,,
151.2147315,-33.8779307,0,Nom Japanese,Japanese,$$,Darlinghurst,,,,,Japanese,,,,
151.2583183,-33.9184725,0,Una Mãs,Spanish,$$$,Coogee,,,,,Spanish,,,,
151.2163288,-33.8812108,0,It's Recess,Sandwiches,$,Surry Hills,,,,,Sandwiches,,,,
151.1558554,-33.9107126,0,Marrickville Pork Roll,Banh Mi,$,Marrickville,,,,,Banh Mi,,,,
151.2015922,-33.8781267,0,Marrickville Pork Roll,Banh Mi,$,Haymarket,,,,,Banh Mi,,,,
151.2107989,-33.8626334,0,Marrickville Pork Roll,Banh Mi,$,CBD,,,,,Banh Mi,,,,
151.1672222,-33.9072222,0,Double Tap Coffee,Sandwiches,$,Marrickville,,,,,Sandwiches,,,,
151.21488,-33.890698,0,Café Kentaro,Brunch,$$,Surry Hills,,,,,Brunch,,,,
151.1942986,-33.9294948,0,Three Blind Mice - Providore | Kitchen,Sandwiches,$,Mascot,,,,,Sandwiches,,,,
151.1733461,-33.8970311,0,Soulmate Coffee,Brunch,$$,Newtown,,,,,Brunch,,,,
150.9750607,-33.9153757,0,Roman's Deli,Sandwiches,$$,Georges Hall,,,,,Sandwiches,,,,
151.2137613,-33.887017,0,Henrietta Charcoal Chicken Surry Hills,Chicken,$$,Surry Hills,,,,,Chicken,,,,
151.1834312,-33.8938247,0,El Jannah Chicken Newtown,Chicken,$,Newtown,,,,,Chicken,,,,
151.1325509,-33.9642044,0,El Jannah Chicken Kogarah,Chicken,$,Kogarah,,,,,Chicken,,,,
151.1048632,-33.8700154,0,El Jannah Chicken Burwood,Chicken,$,Burwood,,,,,Chicken,,,,
151.0557368,-33.9246229,0,El Jannah Chicken Punchbowl,Chicken,$,Punchbowl,,,,,Chicken,,,,
151.0110548,-33.8328568,0,El Jannah Chicken Granville,Chicken,$,Granville,,,,,Chicken,,,,
151.0322234,-33.9184715,0,Banh Mi Bay Ngo Bankstown,Banh Mi,$,Bankstown,,,,,Banh Mi,,,,
151.1947178,-33.9301625,0,Hong Ha Bakery Mascot,Banh Mi,$,Mascot,,,,,Banh Mi,,,,
151.1012131,-33.9662941,0,Phu Cuong King's Hot Bread,Banh Mi,$,Hurstville,,,,,Banh Mi,,,,
151.216037,-33.8801429,0,Kenny's Pork Rolls,Banh Mi,$,Darlinghurst,,,,,Banh Mi,,,,
151.2019103,-33.9109332,0,LOKHA,Banh Mi,$,Alexandria,,,,,Banh Mi,,,,
151.1951723,-33.8981204,0,Lit Canteen,Banh Mi,$,Alexandria,,,,,Banh Mi,,,,
150.9383223,-33.8936118,0,Vinata's Hot Bread,Banh Mi,$,Cabramatta,,,,,Banh Mi,,,,
151.172036,-33.881657,0,Booth Street Bakery,Banh Mi,$,Annandale,,,,,Banh Mi,,,,
151.2549142,-33.9206478,0,Hot Rolls Vietnamese Takeaway,Banh Mi,$,Coogee,,,,,Banh Mi,,,,
151.1948432,-33.930401,0,Saigon's Fresh Rolls,Banh Mi,$,Mascot,,,,,Banh Mi,,,,
151.2090684,-33.8821974,0,Newtown Pork Roll,Banh Mi,$,Surry Hills,,,,,Banh Mi,,,,
150.6983074,-33.7527931,0,Jamison Bakery,Banh Mi,$,Penrith,,,,,Banh Mi,,,,
151.1995956,-33.8946553,0,Carter's Pork Rolls,Banh Mi,$,Redfern,,,,,Banh Mi,,,,
151.2257787,-33.8759092,0,Figo Restaurant Bar,Italian,$$$$,Rushcutters Bay,,,,,Italian,,,,
151.2872723,-33.7955483,0,Cibaria Manly,Italian,$$$,Manly,,,,,Italian,,,,
151.2455019,-33.8043852,0,Chiosco by Ormeggio,Italian,$$$,Mosman,,,,,Italian,,,,
151.1370582,-33.8918179,0,Postino Osteria,Italian,$$$,Summer Hill,,,,,Italian,,,,
151.2853741,-33.7952459,0,Busta,Italian,$$,Manly,,,,,Italian,,,,
151.2182345,-33.8814995,0,Paski Vineria Popolare,Italian,$$$,Darlinghurst,,,,,Italian,,,,
151.2291907,-33.8860431,0,IL BARETTO,Italian,$$,Paddington,,,,,Italian,,,,
151.2149035,-33.8755903,0,Sagra Restaurant,Italian,$$$,Darlinghurst,,,,,Italian,,,,
151.2073,-33.8349463,0,Antica Dining,Italian,$$$$,North Sydney,,,,,Italian,,,,
151.2439872,-33.8768778,0,CARMELA Nonna of Piccolina,Italian,$$,Double Bay,,,,,Italian,,,,
151.1907725,-33.8698933,0,Norcino,Italian,$$,Pyrmont,,,,,Italian,,,,
151.152495,-34.0544188,0,Pino's Vino e Cucina al Mare,Italian,$$$,Cronulla,,,,,Italian,,,,
151.1795974,-33.8969438,0,Alba Salentinian Restaurant,Italian,$$,Newtown,,,,,Italian,,,,
151.1539662,-33.8952869,0,Noi,Italian,$$$,Petersham,,,,,Italian,,,,
151.2130062,-33.8891917,0,Giuls,Italian,$$$,Surry Hills,,,,,Italian,,,,
151.2156762,-33.8756984,0,Harrys by Giuls,Italian,$$$,Darlinghurst,,,,,Italian,,,,
151.2068458,-33.866101,0,Scala Lane,Italian,$$$,CBD,,,,,Italian,,,,
151.218467,-33.8843384,0,Zafferano Trattoria Mediterranea,Italian,$$$,Paddington,,,,,Italian,,,,
151.2311393,-33.8867952,0,Barbetta,Italian,$$$,Paddington,,,,,Italian,,,,
151.2871404,-33.7978318,0,Butterboy,Dessert,$,Manly,,,,,Dessert,,,,
151.1860444,-33.7941338,0,Butterboy,Dessert,$,Chatswood,,,,,Dessert,,,,
151.194767,-33.8837417,0,Butterboy - Broadway,Dessert,$,Glebe,,,,,Dessert,,,,
151.1154939,-34.050857,0,FLOUR coffee & doughroom,Bakery,$,Caringbah,,,,,Bakery,,,,
151.1589586,-33.9075711,0,Miss Sina,Bakery,$,Marrickville,,,,,Bakery,,,,
151.1033807,-33.8772852,0,Hakiki Burwood,Gelato,$,Burwood,,,,,Gelato,,,,
151.2101016,-33.8654401,0,Chophouse Sydney,Steakhouse,$$$$,CBD,,,,,Steakhouse,,,,
151.19536,-33.867653,0,BLACK Bar & Grill,Steakhouse,$$$$$,Pyrmont,,,,,Steakhouse,,,,
151.228225,-33.8825584,0,tqm.,Mexican,$$$,Paddington,,,,,Mexican,,,,
151.2488226,-33.9075917,0,Corner 75 Hungarian Restaurant,Hungarian,$$$,Randwick,,,,,Hungarian,,,,
151.1150859,-33.9386614,0,Self Raised Snack Shoppe,Sandwiches,$,Bexley North,,,,,Sandwiches,,,,
151.2733503,-33.885715,0,Blackwood Bondi,Brunch,$$,Bondi,,,,,Brunch,,,,
151.1532028,-34.0537701,0,Blackwood Cronulla,Brunch,$$,Cronulla,,,,,Brunch,,,,
151.2021111,-33.8250118,0,Garfish,Seafood,$$$,Crows Nest,,,,,Seafood,,,,
151.0880118,-33.8630426,0,Bar Biscotti,Brunch,$$,North Strathfield,,,,,Brunch,,,,
151.2712065,-33.8889864,0,Bistro Chouchou,French,$$,Bondi,,,,,French,,,,
151.2046743,-33.8441748,0,Charlotte Bar & Bistro,French,$$$$,McMahons Point,,,,,French,,,,
151.2552202,-33.8389718,0,L'Heritage,French,$$$$,Mosman,,,,,French,,,,
151.2446941,-33.832265,0,Bistro Mosman,French,$$$$,Mosman,,,,,French,,,,
151.1989174,-33.8244622,0,Cavalier Specialty Coffee (Cavalier 1.0),Sandwiches,$,St Leonards,,,,,Sandwiches,,,,
151.2240984,-33.8744532,0,Arms Length,Wine Bar,$$$,Potts Point,,,,,Wine Bar,,,,
151.2080745,-33.8623232,0,Dutch Smuggler Coffee Brewers,Sandwiches,$,Circular Quay,,,,,Sandwiches,,,,
151.2104887,-33.8666171,0,Dutch Smuggler Coffee Metro Martin Place,Sandwiches,$,CBD,,,,,Sandwiches,,,,
151.2068179,-33.8709647,0,Dutch Smuggler coffee Qvb,Sandwiches,$,CBD,,,,,Sandwiches,,,,
151.20439,-33.881118,0,Dutch Smuggler Coffee Haymarket,Sandwiches,$,Haymarket,,,,,Sandwiches,,,,
151.1466663,-33.9584889,0,Kosta's Takeaway Rockdale,Sandwiches,$,Rockdale,,,,,Sandwiches,,,,
151.2095311,-33.8772056,0,Kosta's Takeaway Elizabeth St,Sandwiches,$,CBD,,,,,Sandwiches,,,,
151.1701826,-33.8642765,0,Empanadas Factory,Mexican,$,Rozelle ,,,,,Mexican,,,,
151.1838481,-33.8938707,0,A.P Town (A.P Bakery),Bakery,$,Newtown,,,,,Bakery,,,,
151.2110565,-33.8793612,0,A.P House (A.P Bakery),Bakery,$,Surry Hills,,,,,Bakery,,,,
151.0131361,-33.9520601,0,San San,Sandwiches,$$,Revesby,,,,,Sandwiches,,,,
151.2089775,-33.8622149,0,Lode Pies & Pastries Circular Quay,Bakery,$,Circular Quay,,,,,Bakery,,,,
151.2048862,-33.8696451,0,Letra House,Wine Bar,$$$,CBD,,,,,Wine Bar,,,,
151.0842972,-33.9027696,0,bite.,Dessert,$,Belfield,,,,,Dessert,,,,
151.2049189,-33.8674573,0,Fiore Sandwich,Sandwiches,$$,CBD,,,,,Sandwiches,,,,
151.1702819,-33.8663229,0,Totti's Rozelle,Italian,$$$,Rozelle ,,,,,Italian,,,,
150.9154943,-33.7502329,0,Wing Shack,Chicken,$,Blacktown,,,,,Chicken,,,,
151.2122139,-33.8649764,0,"Kittyhawk, NY",Wine Bar,$$$,CBD,,,,,Wine Bar,,,,
151.2010182,-33.8244953,0,Plan B Burgers & Booze,Burgers,$$,Crows Nest,,,,,Burgers,,,,
151.15662,-33.8859107,0,High N' Dry,Burgers,$$,Leichardt,,,,,Burgers,,,,
151.2047116,-33.9106342,0,High N' Dry,Burgers,$$,Roseberry,,,,,Burgers,,,,
151.1173108,-33.718457,0,Burger Hounds,Burgers,$$,Wahroonga,,,,,Burgers,,,,
151.2401089,-33.9435068,0,Inferno Grill Maroubra,Burgers,$$,Maroubra,,,,,Burgers,,,,
151.2053172,-33.8923122,0,Suburgia Redfern,Burgers,$,Redfern,,,,,Burgers,,,,
151.0739975,-33.8879509,0,Feel Good Burgers Strathfield,Burgers,$,Strathfield,,,,,Burgers,,,,
151.2093183,-33.8702942,0,Slim's Quality Burger,Burgers,$,CBD,,,,,Burgers,,,,
151.2030788,-33.8786683,0,Shortstop Coffee & Donuts,Dessert,$,Haymarket,,,,,Dessert,,,,
151.2159603,-33.8799921,0,BL Burgers,Burgers,$$,Darlinghurst,,,,,Burgers,,,,
151.2546462,-33.920633,0,Little L Burgers,Burgers,$,Coogee,,,,,Burgers,,,,
151.2385265,-33.940878,0,Little L Burgers,Burgers,$,Maroubra,,,,,Burgers,,,,
151.2883955,-33.7981482,0,Little L Burgers,Burgers,$,Manly,,,,,Burgers,,,,
151.1716805,-33.9170442,0,Grumpy Donuts,Dessert,$,St Peters,,,,,Dessert,,,,
151.2714307,-33.7625848,0,Pocket Pizza Brookvale,Italian,$$,Brookvale,,,,,Italian,,,,
151.1041185,-33.8781805,0,Ice Kirin Bar Burwood,Dessert,$,Burwood,,,,,Dessert,,,,
151.1504695,-33.9321412,0,Azuki Bakery,Bakery,$,Wolli Creek,,,,,Bakery,,,,
151.2036662,-33.8792386,0,Ho Jiak Haymarket,Malaysian,$$$,Haymarket,,,,,Malaysian,,,,
151.2719659,-33.7625102,0,Two Hungry Bears,Burgers,$$,Brookvale,,,,,Burgers,,,,
151.1963474,-33.8994894,0,Good Ways Deli,Sandwiches,$,Alexandria,,,,,Sandwiches,,,,
151.1818222,-33.8948129,0,Newtown pork roll,Banh Mi,$,Newtown,,,,,Banh Mi,,,,
151.204196,-33.8899863,0,Café Oratnek,Brunch,$$,Redfern,,,,,Brunch,,,,
151.173036,-33.898647,0,MaMUKI Bake & Bar,Drinks,$,Newtown,,,,,Drinks,,,,
151.1519048,-34.0508755,0,Rushi,Brunch,$$,Cronulla,,,,,Brunch,,,,
151.2062901,-33.8747289,0,Oh!Matcha,Drinks,$,CBD,,,,,Drinks,,,,
151.2296254,-33.8856332,0,The Hood,Drinks,$,Paddington,,,,,Drinks,,,,
151.2151993,-33.8801039,0,ellu Café,Brunch,$$,Surry Hills,,,,,Brunch,,,,
151.2876025,-33.7979455,0,Rollers Bakehouse,Bakery,$,Manly,,,,,Bakery,,,,
151.1640359,-33.9022362,0,kurumac,Brunch,$$,Marrickville,,,,,Brunch,,,,
151.1996619,-33.8891592,0,Henry Lee's Redfern,Brunch,$$,Redfern,,,,,Brunch,,,,
151.19588,-33.86953,0,Sokyo,Japanese,$$$$,Pyrmont,,,,,Japanese,,,,
151.20812,-33.86697,0,Ragazzi,Italian,$$$,CBD,,,,,Italian,,,,
151.20717,-33.86526,0,Toko Restaurant,Japanese,$$$,CBD,,,,,Japanese,,,,
151.22429,-33.87276,0,Igniis Bake & Roast,Bakery,$,Potts Point,,,,,Bakery,,,,
151.21449,-33.88158,0,Pieno,Brunch,$$,Surry Hills,,,,,Brunch,,,,
151.22105,-33.8788,0,Tommy's Darlinghurst,Mexican,$$$,Darlinghurst,,,,,Mexican,,,,
151.05926,-33.89597,0,Café Levant,Brunch,$$,Greenacre,,,,,Brunch,,,,
151.28586,-33.7999,0,Garfish Manly,Seafood,$$$,Manly,,,,,Seafood,,,,
151.20616,-33.84854,0,Sails on Lavender Bay,Australian,$$$$,McMahons Point,,,,,Australian,,,,
151.25512,-33.83908,0,Ripples Chowder Bay,Australian,$$$$,Mosman,,,,,Australian,,,,
151.19979,-33.88858,0,Brickfields Chippendale,Bakery,$,Chippendale,,,,,Bakery,,,,
151.16503,-33.9059,0,Erin - Restaurant & Bar,Wine Bar,$$,Marrickville,,,,,Wine Bar,,,,
151.21692,-33.88559,0,Dad and the Frog Café,Brunch,$$,Surry Hills,,,,,Brunch,,,,
151.15687,-33.91102,0,San Pancho Mexican Taqueria,Mexican,$$,Marrickville,,,,,Mexican,,,,
151.21125,-33.88765,0,Ogni Restaurant,Asian-Fusion,$$$,Surry Hills,,,,,Asian-Fusion,,,,
151.21027,-33.86473,0,The Meat & Wine Co Circular Quay - O'Connell St,Steakhouse,$$$$,Circular Quay,,,,,Steakhouse,,,,
151.22009,-33.83015,0,Enoteca 128 Italian Restaurant & Wine Bar,Italian,$$$$,Neutral Bay,,,,,Italian,,,,
151.12501,-34.04313,0,Bocca Bocca,Italian,$$,Caringbah,,,,,Italian,,,,
151.23185,-33.88819,0,Four Six Eight Café,Brunch,$,Paddington,,,,,Brunch,,,,
151.26063,-33.89355,0,Bennett St Dairy,Brunch,$$,Bondi,,,,,Brunch,,,,
151.20486,-33.86941,0,Frango Kent Street,Chicken,$,CBD,,,,,Chicken,,,,
151.14155,-33.91158,0,Olympic Meats,Greek,$$,Marrickville,,,,,Greek,,,,
151.21034,-33.86651,0,Sneaker Laundry LAB,Drinks,$,CBD,,,,,Drinks,,,,
151.21242,-33.88148,0,Mishy's Sydney,Australian,$$$,Surry Hills,,,,,Australian,,,,
151.2149,-33.88161,0,Paripé,Spanish,$$$,Surry Hills,,,,,Spanish,,,,
151.21374,-33.88564,0,Mille Vini Wine Bar & Restaurant,Wine Bar,$$$,Surry Hills,,,,,Wine Bar,,,,
151.21365,-33.88798,0,Berto's Espresso,Brunch,$$,Surry Hills,,,,,Brunch,,,,
151.2162,-33.88367,0,Avner's,Bagels,$,Surry Hills,,,,,Bagels,,,,
151.2159,-33.88535,0,The Bunsik Burger,Burgers,$$,Surry Hills,,,,,Burgers,,,,
151.21697,-33.88555,0,Sang by Mabasa,Korean,$$$,Surry Hills,,,,,Korean,,,,
151.20957,-33.82311,0,Jizakana,Japanese,$$$,Cammeray,,,,,Japanese,,,,
151.21361,-33.89178,0,Vasco Surry Hills ,Italian,$$,Surry Hills,,,,,Italian,,,,
151.26809,-33.89445,0,Sefa Kitchen Bondi,Middle-Eastern,$$$,Bondi,,,,,Middle-Eastern,,,,
151.21407,-33.89429,0,St Jude Café,Brunch,$$,Redfern,,,,,Brunch,,,,
151.28379,-33.88936,0,Rocker,Australian,$$$,Bondi,,,,,Australian,,,,
151.25813,-33.93348,0,The Lion and Buffalo,Brunch,$$,Coogee,,,,,Brunch,,,,
151.20288,-33.86522,0,Wild Sage,Brunch,$$,Barangaroo,,,,,Brunch,,,,
151.21146,-33.88771,0,Suzuya,Japanese,$$,Surry Hills,,,,,Japanese,,,,
151.25514,-33.92045,0,Coogee Wine Room - Restaurant & Bar,Wine Bar,$$$,Coogee,,,,,Wine Bar,,,,
151.17835,-33.85673,0,L'Auberge du Bout du Monde,French,$$$,Balmain,,,,,French,,,,
151.2583,-33.91197,0,Wagyuto Clovelly,Japanese,$$,Clovelly,,,,,Japanese,,,,
151.20974,-33.82316,0,Nico,Italian,$$$,Cammeray,,,,,Italian,,,,
151.26754,-33.89472,0,Iberica,Spanish,$$$,Bondi,,,,,Spanish,,,,
151.32952,-33.60726,0,Jonah's Restaurant & Boutique Hotel,Australian,$$$$$,Whale Beach,,,,,Australian,,,,
151.20859,-33.85946,0,Le Foote,French,$$$$,The Rocks,,,,,French,,,,
151.26796,-33.89443,0,Carbon Mexican Woodfire Restaurant Bondi,Mexican,$$$,Bondi,,,,,Mexican,,,,
151.27126,-33.88837,0,Bonditony's Burger Joint,Burgers,$$,Bondi,,,,,Burgers,,,,
151.17444,-33.89852,0,Kaiza Newtown ,Japanese,$$,Newtown,,,,,Japanese,,,,
151.24003,-33.88602,0,Chiswick Woollahra,Australian,$$$$,Woollahra,,,,,Australian,,,,
151.27795,-33.88829,0,The Depot,Brunch,$$,Bondi,,,,,Brunch,,,,
151.27307,-33.88797,0,Brown Sugar,Australian,$$$,Bondi,,,,,Australian,,,,
151.2156,-33.87817,0,Chaco Ramen,Ramen,$$,Darlinghurst,,,,,Ramen,,,,
151.27295,-33.88649,0,Mamasaan,Japanese,$$$,Bondi,,,,,Japanese,,,,
151.27179,-33.88952,0,TAQIZA,Mexican,$$,Bondi,,,,,Mexican,,,,
151.24417,-33.87649,0,Indigo Double Bay,Brunch,$$,Double Bay,,,,,Brunch,,,,
151.22499,-33.87388,0,Teta's Deli,Middle-Eastern,$$,Potts Point,,,,,Middle-Eastern,,,,
151.15407,-33.89641,0,Silvas Restaurant,Chicken,$$,Petersham,,,,,Chicken,,,,
151.13205,-33.96502,0,Hariri Chickens,Chicken,$,Kogarah,,,,,Chicken,,,,
151.14377,-33.90253,0,Oricco,Chicken,$,Dulwich Hill,,,,,Chicken,,,,
151.01115,-33.83413,0,Hawa Chicken,Chicken,$,Granville,,,,,Chicken,,,,
151.01116,-33.93685,0,Awafi Charcoal Chicken,Chicken,$,Revesby,,,,,Chicken,,,,
151.18211,-33.89505,0,Clem's Chicken,Chicken,$,Newtown,,,,,Chicken,,,,
151.25154,-33.79667,0,Serva,Sandwiches,$,Seaforth,,,,,Sandwiches,,,,
151.21322,-33.88811,0,Four Ate Five,Brunch,$$,Surry Hills,,,,,Brunch,,,,
151.20915,-33.88663,0,Città Café ,Brunch,$,Surry Hills,,,,,Brunch,,,,
151.22185,-33.86941,0,L'Expresso House,Brunch,$,Woolloomooloo,,,,,Brunch,,,,
151.20428,-33.85678,0,Ventuno Restaurant,Italian,$$$,Walsh Bay,,,,,Italian,,,,
151.15347,-33.90196,0,Bespoke and Grind,Brunch,$,Marrickville,,,,,Brunch,,,,
151.24013,-33.91682,0,High St Society,Brunch,$,Randwick,,,,,Brunch,,,,
151.15475,-33.90951,0,Kelby's ,Brunch,$$,Marrickville,,,,,Brunch,,,,
151.15339,-33.90478,0,Valentinas Sydney,Brunch,$$,Marrickville,,,,,Brunch,,,,
151.20316,-33.8783,0,Haven Coffee - Haymarket,Drinks,$,Haymarket,,,,,Drinks,,,,
151.20572,-33.91393,0,Haven Coffee - Rosebery,Drinks,$,Roseberry,,,,,Drinks,,,,
151.19928,-33.88532,0,KOI Dessert Bar,Dessert,$,Chippendale,,,,,Dessert,,,,
151.1068,-33.81444,0,KOI Dessert Kitchen,Dessert,$,Ryde,,,,,Dessert,,,,
151.21648,-33.88563,0,Sweet Chick,Dessert,$,Surry Hills,,,,,Dessert,,,,
151.20835,-33.85797,0,The Tea Cosy,Tea House,$$,The Rocks,,,,,Tea House,,,,
151.20717,-33.8724,0,Dulcet Café,Dessert,$,CBD,,,,,Dessert,,,,
151.20366,-33.87871,0,Gumshara,Ramen,$$,Haymarket,,,,,Ramen,,,,
151.22268,-33.87168,0,The Butler,Mexican,$$$$,Potts Point,,,,,Mexican,,,,
151.20217,-33.86398,0,Baharat Bar ,Turkish,$$$,Barangaroo,,,,,Turkish,,,,
151.20132,-33.86453,0,Anason,Turkish,$$$,Barangaroo,,,,,Turkish,,,,
151.17907,-33.90165,0,Konak Turkish Restaurant,Turkish,$$,Newtown,,,,,Turkish,,,,
151.21286,-33.89163,0,Erciyes Restaurant,Turkish,$$,Surry Hills,,,,,Turkish,,,,
151.17471,-33.89879,0,Taste of Turkey,Turkish,$$,Newtown,,,,,Turkish,,,,
151.17365,-33.89864,0,Turkuaz Turkish Cuisine,Turkish,$$$,Newtown,,,,,Turkish,,,,
151.21353,-33.8867,0,San Java,Drinks,$,Surry Hills,,,,,Drinks,,,,
151.20589,-33.87218,0,Chinatown Country Club - Coffee House,Drinks,$,CBD,,,,,Drinks,,,,
151.21322,-33.89146,0,Mogu Mogu - Onigiri Community,Japanese,$,Surry Hills,,,,,Japanese,,,,
151.25611,-33.92061,0,Melonhead,Drinks,$,Coogee,,,,,Drinks,,,,
151.13193,-34.05185,0,Our Father,Brunch,$$,Burraneer,,,,,Brunch,,,,
151.24395,-33.87803,0,Arte Bianca,Italian,$$,Double Bay,,,,,Italian,,,,
151.15376,-33.89619,0,Sweet Belem Cake Boutique,Dessert,$,Petersham,,,,,Dessert,,,,
151.20801,-33.83911,0,Taruhachi Bento,Japanese,$$,North Sydney,,,,,Japanese,,,,
151.08747,-33.86044,0,La Lune Market,Sandwiches,$,North Strathfield,,,,,Sandwiches,,,,
151.19533,-33.82384,0,Dozo by 88 Wagyu House,Japanese,$$$,St Leonards,,,,,Japanese,,,,
151.10472,-33.87654,0,Inoichi Ramen,Ramen,$,Burwood,,,,,Ramen,,,,
150.85402,-33.78387,0,Kerbside Eatery Eastern Creek,Sandwiches,$,Eastern Creek,,,,,Sandwiches,,,,
150.85907,-33.97059,0,Kerbside Eatery Edmondson Park,Sandwiches,$,Edmondson Park,,,,,Sandwiches,,,,
151.01574,-34.06457,0,LOAF Engadine,Sandwiches,$,Engadine,,,,,Sandwiches,,,,
151.03236,-33.9187,0,Banhi mi Phuong 18,Banh Mi,$,Bankstown,,,,,Banh Mi,,,,
151.19863,-33.88901,0,Calico,Brunch,$$,Redfern,,,,,Brunch,,,,
151.2084,-33.87167,0,Garam Merica,Indonesian,$$,CBD,,,,,Indonesian,,,,
151.19638,-33.87756,0,Ramen Shogun Ultimo,Ramen,$$,Ultimo,,,,,Ramen,,,,
151.20659,-33.82866,0,Ryo's Noodles,Ramen,$,Crows Nest,,,,,Ramen,,,,
151.20919,-33.85694,0,Luna Lu,Asian-Fusion,$$$$$,The Rocks,,,,,Asian-Fusion,,,,
151.20538,-33.90709,0,By Sang,Japanese,$$$$,Zetland,,,,,Japanese,,,,
151.18257,-33.8947,0,Duk Inn Newtown,Cantonese,$$$,Newtown,,,,,Cantonese,,,,
151.00198,-33.88311,0,Burger Heist,Burgers,$,Chester Hill,,,,,Burgers,,,,
151.22981,-33.88649,0,Izy.Aki,Omakase,$$$$$,Paddington,,,,,Omakase,,,,
151.20734,-33.86753,0,Morena,Latin-American,$$$$,CBD,,,,,Latin-American,,,,
151.2122,-33.89213,0,S'WICH | surry hills,Sandwiches,$$,Redfern,,,,,Sandwiches,,,,
151.23749,-33.88877,0,Big Mama's,Italian,$$,Woollahra,,,,,Italian,,,,
151.14111,-33.90349,0,Marci Lou's Burger Co,Burgers,$,Dulwich Hill,,,,,Burgers,,,,
150.94689,-33.89869,0,Marci Lou's Burger Co,Burgers,$,Cabramatta,,,,,Burgers,,,,
151.22491,-33.87066,0,Gypsy Espresso,Brunch,$$,Potts Point,,,,,Brunch,,,,
151.19777,-33.88406,0,Milk and Steam Café,Brunch,$$,Ultimo,,,,,Brunch,,,,
151.21442,-33.8927,0,Evie's Redfern,Brunch,$$,Redfern,,,,,Brunch,,,,
151.22426,-33.87292,0,Cinnamon,Middle-Eastern,$$$,Potts Point,,,,,Middle-Eastern,,,,
151.20566,-33.83044,0,Eighty Ate,Brunch,$$,North Sydney,,,,,Brunch,,,,
151.20887,-33.95822,0,Filante Woodfire Pizzeria,Italian,$$,Banksmeadow,,,,,Italian,,,,
150.86986,-33.76285,0,Starlight Bakery,Bakery,$,Doonside,,,,,Bakery,,,,
151.20458,-33.84446,0,Fiore Bread,Bakery,$,McMahons Point,,,,,Bakery,,,,
151.16338,-33.88839,0,Pantry Story Bakery,Bakery,$,Stanmore,,,,,Bakery,,,,
151.19789,-33.82181,0,Pizza D'oro,Italian,$$,St Leonards,,,,,Italian,,,,
151.20899,-33.88397,0,Swee by Sugar Less Concept,Bakery,$,Surry Hills,,,,,Bakery,,,,
151.00537,-33.80694,0,Fratelli Pulcinella Parramatta,Italian,$$,Parramatta,,,,,Italian,,,,
151.19947,-33.89466,0,Taguan Café,Brunch,$,Redfern,,,,,Brunch,,,,
151.18932,-33.90746,0,Ellen,Brunch,$$,Alexandria,,,,,Brunch,,,,
151.17939,-33.90243,0,Comeco Foods Café,Dessert,$,Newtown,,,,,Dessert,,,,
151.19966,-33.88478,0,cha-no-wa Sydney,Drinks,$,Chippendale,,,,,Drinks,,,,
151.1855488,-33.7958281,0,Gelateria Gondola Chatswood,Gelato,$,Chatswood,,,,,Gelato,,,,
151.2152182,-33.8798992,0,Rivareno Gelato Darlinghurst,Gelato,$,Darlinghurst,,,,,Gelato,,,,
151.2249536,-33.8717362,0,Rivareno Gelato Potts Point,Gelato,$,Potts Point,,,,,Gelato,,,,
151.201571,-33.8653457,0,Rivareno Gelato Barangaroo,Gelato,$,Barangaroo,,,,,Gelato,,,,
151.2726815,-33.8927709,0,Mapo Bondi,Gelato,$,Bondi,,,,,Gelato,,,,
151.1839392,-33.8930149,0,Mapo Newtown,Gelato,$,Newtown,,,,,Gelato,,,,
151.221219,-33.8779953,0,Gelato Messina Darlinghurst,Gelato,$,Darlinghurst,,,,,Gelato,,,,
151.2719393,-33.8897695,0,Gelato Messina Bondi,Gelato,$,Bondi,,,,,Gelato,,,,
151.21379,-33.8855067,0,Gelato Messina Surry Hills,Gelato,$,Surry Hills,,,,,Gelato,,,,
151.2097444,-33.8617556,0,Gelato Messina Circular Quay,Gelato,$,Circular Quay,,,,,Gelato,,,,
151.2096374,-33.8678843,0,Gelato Messina Martin Place,Gelato,$,CBD,,,,,Gelato,,,,
151.2019538,-33.9178738,0,Gelato Messina Rosebery,Gelato,$,Rosebery,,,,,Gelato,,,,
151.2024991,-33.8786079,0,Gelato Messina Darling Square,Gelato,$,Haymarket,,,,,Gelato,,,,
151.2379063,-33.9213491,0,Gelato Messina Randwick,Gelato,$,Randwick,,,,,Gelato,,,,
151.1956278,-33.8684667,0,Gelato Messina The Star,Gelato,$,Pyrmont,,,,,Gelato,,,,
151.199546,-33.894797,0,Ciccone & Sons,Gelato,$,Redfern,,,,,Gelato,,,,
150.7975244,-34.0735548,0,The Scoop Artisan Gelato,Gelato,$,Campbelltown,,,,,Gelato,,,,
151.1719991,-33.8988937,0,Cow & The Moon,Gelato,$,Enmore,,,,,Gelato,,,,
151.2105898,-33.8625004,0,Zini Contemporary Gelateria,Gelato,$,Circular Quay,,,,,Gelato,,,,
151.2425537,-33.920341,0,Gaia Gelato Randwick Pty Ltd,Gelato,$,Randwick,,,,,Gelato,,,,
151.0940329,-33.8731128,0,Duo Duo Strathfield,Gelato,$,Strathfield,,,,,Gelato,,,,
151.0887384,-33.9294052,0,Duo Duo Roselands,Gelato,$,Roselands,,,,,Gelato,,,,
151.2497806,-33.8929088,0,Anita Gelato,Gelato,$,Bondi Junction,,,,,Gelato,,,,
151.2004891,-33.8848184,0,Anita Gelato,Gelato,$,Chippendale,,,,,Gelato,,,,
151.2758694,-33.8893333,0,Anita Gelato,Gelato,$,Bondi,,,,,Gelato,,,,
151.19679,-33.8947294,0,Anita Gelato,Gelato,$,Eveleigh,,,,,Gelato,,,,
151.2864638,-33.7982231,0,Anita Gelato,Gelato,$,Manly,,,,,Gelato,,,,
151.2020203,-33.8629543,0,Anita Gelato,Gelato,$,Barangaroo,,,,,Gelato,,,,
151.153437,-34.0517043,0,Anita Gelato,Gelato,$,Cronulla,,,,,Gelato,,,,
151.1242743,-33.9264516,0,Pep's Italian Ice,Gelato,$,Earlwood,,,,,Gelato,,,,
151.1311909,-33.8576757,0,Trovatino Café,Gelato,$,Wareemba,,,,,Gelato,,,,
151.2049956,-33.870377,0,Kuro Bar & Dining,Japanese,$$$$$,CBD,,,,,Japanese,,,,
151.0028569,-33.8140968,0,Oribu,Japanese,$$$$$$,Parramatta,,,,,Japanese,,,,
151.1519178,-34.0543985,0,Green Shiso Japanese Restaurant,Japanese,$$,Cronulla,,,,,Japanese,,,,
151.2227684,-33.8733655,0,Yakitori Chaco Bar,Japanese,$$,Potts Point,,,,,Japanese,,,,
151.2155686,-33.8766914,0,Moku Sydney,Japanese,$$$,Darlinghurst,,,,,Japanese,,,,
151.2084986,-33.8625277,0,Besuto - Omakase Sydney,Omakase,$$$$$$,Circular Quay,,,,,Omakase,,,,
151.2243906,-33.8730977,0,Kisuke,Omakase,$$$$$$,Potts Point,,,,,Omakase,,,,
151.2104348,-33.8778855,0,HACO,Omakase,$$$$$,CBD,,,,,Omakase,,,,
151.2027699,-33.87867,0,Kuon Omakase,Omakase,$$$$$$,Haymarket,,,,,Omakase,,,,
151.2012764,-33.8625621,0,Yoshii's Omakase,Omakase,$$$$$$,Barangaroo,,,,,Omakase,,,,
151.2151252,-33.8783884,0,Restaurant Ka,Omakase,$$$$$$,Darlinghurst,,,,,Omakase,,,,
151.2485366,-33.8921089,0,Ichi-Ban Boshi,Ramen,$,Bondi Junction,,,,,Ramen,,,,
151.2498488,-33.8933151,0,Leaf Café & Co Bondi,Brunch,$$,Bondi Junction,,,,,Brunch,,,,
151.2170139,-33.8855747,0,Tonton Bread,Bakery,$,Surry Hills,,,,,Bakery,,,,
151.2078496,-33.8724566,0,Black Star Pastry Sydney CBD,Dessert,$,CBD,,,,,Dessert,,,,
151.202059,-33.917518,0,Black Star Pastry Rosebery,Dessert,$,Rosebery,,,,,Dessert,,,,
151.1789963,-33.8972123,0,Black Star Pastry Newtown,Dessert,$,Newtown,,,,,Dessert,,,,
151.2036368,-33.9023162,0,Cuppa Flower,Brunch,$$,Waterloo,,,,,Brunch,,,,
151.2035349,-33.8788789,0,Molly Tea (Darling Square),Drinks,$,Haymarket,,,,,Drinks,,,,
151.1039396,-33.8783691,0,Molly Tea (Burwood),Drinks,$,Burwood,,,,,Drinks,,,,
151.1749067,-33.8985685,0,Cairo Takeaway,Middle-Eastern,$$,Newtown,,,,,Middle-Eastern,,,,
151.1539471,-33.8954498,0,Fich At Petersham,Seafood,$$,Petersham,,,,,Seafood,,,,
151.1725348,-33.898791,0,Queen Chow Enmore,Cantonese,$$$,Enmore,,,,,Cantonese,,,,
151.1185114,-33.8530791,0,Angelo's Cabarita,Australian,$$$,Cabarita,,,,,Australian,,,,
151.1724783,-33.8563624,0,Casa Esquina,Latin-American,$$$$,Balmain,,,,,Latin-American,,,,
151.1829949,-33.899463,0,Shenkin Erskineville,Brunch,$$,Erskineville,,,,,Brunch,,,,
151.1811647,-33.8955667,0,Shenkin Newtown Espresso Bar,Brunch,$$,Newtown,,,,,Brunch,,,,
151.173482,-33.898586,0,Shenkin,Brunch,$$,Enmore,,,,,Brunch,,,,
151.1359645,-33.9520585,0,Smokin' Al's BBQ,BBQ,$$,Rockdale,,,,,BBQ,,,,
151.1344485,-33.8221945,0,Tayta's Manoosh - Authentic Lebanese Bakery,Bakery,$,Hunters Hill,,,,,Bakery,,,,
151.1431001,-33.8334471,0,Stoneground Bakery,Bakery,$,Hunters Hill,,,,,Bakery,,,,
151.2510484,-33.895466,0,Wholegreen Bakery Bondi Junction,Bakery,$,Bondi Junction,,,,,Bakery,,,,
151.2054569,-33.8716284,0,Wholegreen Bakery & Café Sydney City,Bakery,$,CBD,,,,,Bakery,,,,
151.2679521,-33.8943084,0,Mamis Bondi,Mexican,$,Bondi,,,,,Mexican,,,,
151.121807,-33.869336,0,The Lab - Black Poison,Sandwiches,$,Five Dock,,,,,Sandwiches,,,,
151.2097047,-33.885846,0,AMA Surry Hills,Ramen,$,Surry Hills,,,,,Ramen,,,,
151.2851747,-33.7975871,0,Belgrave Cartel,Italian,$$$,Manly,,,,,Italian,,,,
151.1537976,-33.9131395,0,The D's Bar & Dining,Asian-Fusion,$$$,Marrickville,,,,,Asian-Fusion,,,,
151.2430981,-33.9203643,0,Four Frogs Creperie - Randwick,Dessert,$,Randwick,,,,,Dessert,,,,
151.2446567,-33.8317928,0,Four Frogs Creperie - Mosman,Dessert,$,Mosman,,,,,Dessert,,,,
151.1695725,-33.8142849,0,Four Frogs Creperie - Lane Cove,Dessert,$,Lane Cove,,,,,Dessert,,,,
151.2102475,-33.8616981,0,Four Frogs Creperie - Circular Quay,Dessert,$,Circular Quay,,,,,Dessert,,,,
150.9107413,-33.7524061,0,BlackBear BBQ Blacktown,BBQ,$$,Blacktown,,,,,BBQ,,,,
150.8918044,-33.8477377,0,BlackBear BBQ Wetherill Park,BBQ,$$,Wetherill Park,,,,,BBQ,,,,
151.164362,-33.909894,0,LP's Quality Meats,BBQ,$$,Marrickville,,,,,BBQ,,,,
150.917934,-33.6846209,0,MEAT AND FIRE BBQ,BBQ,$$,Rouse Hill,,,,,BBQ,,,,
151.0393402,-33.9315912,0,2 Smokin' Arabs,BBQ,$$,Bankstown,,,,,BBQ,,,,
151.2056055,-33.8704062,0,Roast Republic,BBQ,$$$,CBD,,,,,BBQ,,,,
150.8940425,-33.9273219,0,Bottom of the Barrel BBQ,BBQ,$$,Prestons,,,,,BBQ,,,,
151.2166484,-33.8781038,0,Elements Smokehouse and Bar,BBQ,$$$,Darlinghurst,,,,,BBQ,,,,
151.2010894,-33.8858445,0,Brews Brothers Coffee & Tea Co.,Brunch,$$,Chippendale,,,,,Brunch,,,,
151.2796992,-33.8864675,0,G'day Bondi Café,Brunch,$$,Bondi,,,,,Brunch,,,,
151.2122178,-33.8945198,0,First Drop Café Redfern,Brunch,$$,Redfern,,,,,Brunch,,,,
151.2285626,-33.8859633,0,Paddington Grind,Brunch,$,Paddington,,,,,Brunch,,,,
151.1593572,-33.8876182,0,Crowbar Sydney & Ultimate Pig,Burgers,$$,Leichhardt,,,,,Burgers,,,,
151.1847506,-33.8955064,0,One Another,Brunch,$$,Newtown,,,,,Brunch,,,,
151.1300153,-33.8661802,0,Buttercrumbs Croissant Five Dock,Bakery,$,Five Dock,,,,,Bakery,,,,
151.1300215,-33.8660844,0,The Burg Five Dock,Burgers,$$,Five Dock,,,,,Burgers,,,,
151.132163,-33.87252,0,Filicudi Restaurant Five Dock,Italian,$$$,Five Dock,,,,,Italian,,,,
151.1352666,-33.8653465,0,Skinny Tony's Really Italian,Italian,$$$,Five Dock,,,,,Italian,,,,
151.1962738,-33.8840823,0,Kafe Kooks - The House Of Roti,Malaysian,$,Ultimo,,,,,Malaysian,,,,
151.1836005,-33.8936607,0,ANTE,Wine Bar,$$,Newtown,,,,,Wine Bar,,,,
151.183857,-33.8929869,0,Master Ricelyn in Newtown,Asian-Fusion,$$,Newtown,,,,,Asian-Fusion,,,,
151.1783168,-33.9000722,0,Bloodwood Restaurant & Bar,Wine Bar,$$$,Newtown,,,,,Wine Bar,,,,
151.181754,-33.8955393,0,Best Gourmet Restaurant Newtown,Cantonese,$$,Newtown,,,,,Cantonese,,,,
151.1758698,-33.8984402,0,"Vandal Taqueria, Sydney",Mexican,$$,Newtown,,,,,Mexican,,,,
151.18263,-33.8944432,0,Belly Bao,Burgers,$$,Newtown,,,,,Burgers,,,,
151.181094,-33.896096,0,Odd Culture Newtown,Wine Bar,$$,Newtown,,,,,Wine Bar,,,,
151.1845424,-33.8928389,0,Pastizzi Café - North King Street,Italian,$$,Newtown,,,,,Italian,,,,
151.2014956,-33.827593,0,Ramen Auru,Ramen,$$,Crows Nest,,,,,Ramen,,,,
151.2093651,-33.8870781,0,Jazushi,Japanese,$$,Surry Hills,,,,,Japanese,,,,
151.2204137,-33.8784266,0,Gaku Robata Grill,Japanese,$$$,Darlinghurst,,,,,Japanese,,,,
151.2103281,-33.8822961,0,Gogyo,Japanese,$$,Surry Hills,,,,,Japanese,,,,
151.2069616,-33.8769575,0,Ramen Zundo,Ramen,$$,CBD,,,,,Ramen,,,,
151.1923314,-33.8666314,0,Umami Dojo,Ramen,$$,Pyrmont,,,,,Ramen,,,,
151.181699,-33.896003,0,Rising Sun Workshop,Ramen,$$,Newtown,,,,,Ramen,,,,
151.189673,-33.7944553,0,Manpuku Chatswood,Ramen,$$,Chatswood,,,,,Ramen,,,,
151.2273377,-33.9225448,0,Manpuku Kingsford,Ramen,$$,Kingsford,,,,,Ramen,,,,
151.2236893,-33.8316265,0,Manpuku Neutral bay,Ramen,$$,Neutral Bay,,,,,Ramen,,,,
151.1973966,-33.824331,0,Sekka Dining,Japanese,$$,St Leonards,,,,,Japanese,,,,
151.0924805,-33.8580961,0,Kosuke Ramen,Ramen,$$,North Strathfield,,,,,Ramen,,,,
151.1696218,-33.8157136,0,Kosuke Ramen,Ramen,$$,Lane Cove,,,,,Ramen,,,,
151.2045447,-33.8710825,0,Menya City Japanese Noodle Bar,Ramen,$,CBD,,,,,Ramen,,,,
151.2036884,-33.8809419,0,Menya Chinatown,Ramen,$,Haymarket,,,,,Ramen,,,,
151.2024947,-33.8781505,0,Hakatamon Ramen,Ramen,$$,Haymarket,,,,,Ramen,,,,
151.1798412,-33.7970828,0,Hakatamon Ramen Chatswood,Ramen,$$,Chatswood,,,,,Ramen,,,,
151.204333,-33.869091,0,Nichi Getsu Do,Ramen,$$,CBD,,,,,Ramen,,,,
151.1880176,-33.7951693,0,Ramen Zundo Chatswood,Ramen,$$,Chatswood,,,,,Ramen,,,,
151.1917073,-33.8837884,0,Ramen Goku,Ramen,$,Glebe,,,,,Ramen,,,,
151.1811398,-33.8955234,0,Shinmachi Newtown,Japanese,$$,Newtown,,,,,Japanese,,,,
151.1513033,-33.9154171,0,Maki and Ramen,Ramen,$,Marrickville,,,,,Ramen,,,,
151.2001534,-33.8925548,0,RaRa,Ramen,$$,Redfern,,,,,Ramen,,,,
151.224792,-33.875458,0,Bones Ramen,Ramen,$$,Ruschutters Bay,,,,,Ramen,,,,
151.2128256,-33.8612062,0,RAMEN Ippudo Circular Quay,Ramen,$$,Circular Quay,,,,,Ramen,,,,
151.2089573,-33.8697189,0,Ramen IPPUDO Westfield Sydney,Ramen,$$,CBD,,,,,Ramen,,,,
151.1695844,-33.7750506,0,Domo Domo,Japanese,$$,Lindfield,,,,,Japanese,,,,
151.2058923,-33.8759036,0,Mappen,Ramen,$,CBD,,,,,Ramen,,,,
151.2488339,-33.8924042,0,Mappen - Bondi Junction,Ramen,$,Bondi Junction,,,,,Ramen,,,,
151.1652176,-33.9057119,0,Island Boys Foods,Jamaican,$,Marrickville,,,,,Jamaican,,,,
151.2149823,-33.880965,0,Rosie Campbell's,Jamaican,$$,Surry Hills,,,,,Jamaican,,,,
151.1540025,-33.8964627,0,Kickin' Inn Petersham,Seafood,$$,Petersham,,,,,Seafood,,,,
151.2128556,-33.9059974,0,Kickin'Inn Zetland,Seafood,$$,Zetland,,,,,Seafood,,,,
151.2011956,-33.8260953,0,Kickin'Inn Crows Nest,Seafood,$$,Crows Nest,,,,,Seafood,,,,
151.0786191,-33.8246907,0,Kickin'Inn Marina Square,Seafood,$$,Wentworth Point,,,,,Seafood,,,,
151.0318651,-33.9170162,0,Kickin'Inn Bankstown,Seafood,$$,Bankstown,,,,,Seafood,,,,
151.0041908,-33.812147,0,Kickin'Inn Parramatta,Seafood,$$,Parramatta,,,,,Seafood,,,,
150.9273152,-33.8839887,0,"Kickin'Inn, Canley Heights",Seafood,$$,Canley Heights,,,,,Seafood,,,,
151.0724607,-34.0337851,0,Kickin'Inn Kirrawee,Seafood,$$,Kirrawee,,,,,Seafood,,,,
151.156029,-33.878242,0,monté,French,$$$,Leichhardt,,,,,French,,,,
151.1503854,-33.8840788,0,La Botte D'Oro Restaurant,Italian,$$$,Leichhardt,,,,,Italian,,,,
151.1541459,-33.8922903,0,Brothers Ben Café,Brunch,$,Petersham,,,,,Brunch,,,,
151.1723109,-33.8987554,0,The Last Course Sydney,Dessert,$$,Enmore,,,,,Dessert,,,,
151.1610753,-33.9022195,0,Koshari Korner,Middle-Eastern,$,Marrickville,,,,,Middle-Eastern,,,,
151.1539776,-33.8955827,0,The Counter,Brunch,$,Petersham,,,,,Brunch,,,,
151.1953031,-33.8715545,0,Social Brew Café,Brunch,$$,Pyrmont,,,,,Brunch,,,,
151.2109139,-33.8778363,0,JOE BLACK Café,Brunch,$,Surry Hills,,,,,Brunch,,,,
151.2012251,-33.8736458,0,Vogue Café Sydney,Australian,$$$,CBD,,,,,Australian,,,,
151.162027,-33.905543,0,Two Chaps,Brunch,$$,Marrickville,,,,,Brunch,,,,
151.00506,-33.818734,0,Circa Espresso,Brunch,$$,Parramatta,,,,,Brunch,,,,
151.2549011,-33.9115076,0,Tuga Pastries,Bakery,$,Clovelly,,,,,Bakery,,,,
151.1965566,-33.9028552,0,Tuga Pastries Alexandria,Bakery,$,Alexandria,,,,,Bakery,,,,
151.209132,-33.8676393,0,Hills Bros Café,Brunch,$,CBD,,,,,Brunch,,,,
151.21296,-33.878646,0,Sticky Fingers,Brunch,$$,Surry Hills,,,,,Brunch,,,,
151.2768802,-33.882302,0,Shuk Bondi,Brunch,$$,Bondi,,,,,Brunch,,,,
151.1805657,-33.9053673,0,Rolling Penny Café,Brunch,$$,Newtown,,,,,Brunch,,,,
151.1968129,-33.8974713,0,Meet Gerard,Brunch,$$,Alexandria,,,,,Brunch,,,,
151.2067899,-33.866928,0,Regiment specialty coffee,Brunch,$,CBD,,,,,Brunch,,,,
151.2517665,-33.8924324,0,Savta Café,Brunch,$,Bondi Junction,,,,,Brunch,,,,
151.2088484,-33.8599319,0,Black and White Espresso Bar - The Rocks,Brunch,$,The Rocks,,,,,Brunch,,,,
151.2085905,-33.8639381,0,Marlowe's Way,Brunch,$,CBD,,,,,Brunch,,,,
151.0040861,-33.8120453,0,Pappa Flock - Parramatta,Chicken,$,Parramatta,,,,,Chicken,,,,
151.1535693,-33.913285,0,Tita,Brunch,$,Marrickville,,,,,Brunch,,,,
150.9979104,-33.8064389,0,MISC. Parramatta,Middle-Eastern,$$$,Parramatta,,,,,Middle-Eastern,,,,
151.1726697,-33.8847324,0,Cherry Moon General Store,Bakery,$,Annandale,,,,,Bakery,,,,
151.0786364,-33.8253406,0,Burger Point Wentworth Point,Burgers,$,Wentworth Point,,,,,Burgers,,,,
150.9238766,-33.9248562,0,Al Barakeh Charcoal Chicken,Chicken,$,Liverpool,,,,,Chicken,,,,
151.1384369,-33.9508744,0,Charcoal Kingdom,Chicken,$,Rockdale,,,,,Chicken,,,,
151.0219879,-33.9070206,0,Classic Burger Yagoona,Burgers,$,Yagoona,,,,,Burgers,,,,
151.1869195,-33.9220897,0,Tea Republic Mascot,Drinks,$,Mascot,,,,,Drinks,,,,
150.9337777,-33.8946685,0,Tea Republic Cabramatta,Drinks,$,Cabramatta,,,,,Drinks,,,,
151.1781699,-33.898208,0,EL Patron Tacos,Mexican,$,Newtown,,,,,Mexican,,,,
150.9876625,-33.8542102,0,Yum Yum Bakery,Brunch,$,Guildford,,,,,Brunch,,,,
151.2638464,-33.8940381,0,Wellington Cake Shop,Bakery,$,Bondi,,,,,Bakery,,,,
151.1298063,-33.8654447,0,Dino's Five Dock,Sandwiches,$,Five Dock,,,,,Sandwiches,,,,
151.2829154,-33.889623,0,Café Bondi,Brunch,$$,Bondi,,,,,Brunch,,,,
151.1680775,-33.8610744,0,Noia Coffee,Drinks,$,Rozelle,,,,,Drinks,,,,
151.2857936,-33.7954026,0,Noon,Brunch,$,Manly,,,,,Brunch,,,,
151.2243513,-33.875261,0,Sonora Mexican Restaurant and Bar,Mexican,$$,Potts Point,,,,,Mexican,,,,
151.2271146,-33.9222335,0,Ayam Goreng 99,Indonesian,$,Kingsford,,,,,Indonesian,,,,
151.2166857,-33.8774434,0,Bloodhound Espresso,Brunch,$,Darlinghurst,,,,,Brunch,,,,
151.2073521,-33.8899331,0,Mjølner,BBQ,$$$,Redfern,,,,,BBQ,,,,
151.1794321,-33.9032125,0,Pastizzi Café - South King,Italian,$$,Newtown,,,,,Italian,,,,
151.1601732,-33.9120691,0,Victoria Yeeros,Greek,$,Marrickville,,,,,Greek,,,,
151.162236,-33.9094052,0,Double Roasters Café,Brunch,$,Marrickville,,,,,Brunch,,,,
151.2514097,-33.8268245,0,Kazzi Beach Greek,Greek,$$,Mosman,,,,,Greek,,,,
151.2867293,-33.7911,0,Kazzi Beach Greek Manly,Greek,$$,Manly,,,,,Greek,,,,
151.1943992,-33.8837013,0,Motto Motto Japanese Kitchen - Broadway,Ramen,$,Glebe,,,,,Ramen,,,,
151.2080071,-33.8704116,0,Motto Motto Japanese Kitchen - Sydney Central Plaza,Ramen,$,CBD,,,,,Ramen,,,,
151.1720679,-33.9079107,0,Motto Motto Japanese Kitchen - Marrickville,Ramen,$,Marrickville,,,,,Ramen,,,,
151.0047532,-33.7319635,0,Motto Motto Japanese Kitchen - Castle Towers,Ramen,$,Castle Hill,,,,,Ramen,,,,
151.2212019,-33.8784088,0,Fortuna Drink And Eat,Italian,$$,Darlinghurst,,,,,Italian,,,,
151.2078699,-33.8670774,0,China Lane,Asian-Fusion,$$$,CBD,,,,,Asian-Fusion,,,,
150.9515612,-33.8291374,0,The DeliCut Pickle,Sandwiches,$$,Greystanes,,,,,Sandwiches,,,,
151.2006131,-33.922281,0,The Piefather by Mick's Pies,Bakery,$,Rosebery,,,,,Bakery,,,,
151.1445835,-33.9000849,0,SMALL TALK (the real small talk) DULWICH HILL,Bagels,$,Dulwich Hill,,,,,Bagels,,,,
150.9462008,-33.7319084,0,Good Fella Coffee,Bagels,$,Bella Vista,,,,,Bagels,,,,
151.2295403,-33.8862146,0,Caness,Middle-Eastern,$$$,Paddington,,,,,Middle-Eastern,,,,
151.2115137,-33.8627433,0,A.P Quay (A.P Bakery),Bakery,$,Circular Quay,,,,,Bakery,,,,
151.1796104,-33.7976496,0,Burger Patch,Burgers,$,Chatswood,,,,,Burgers,,,,
151.2132265,-33.9025736,0,Super Nash Brothers,Burgers,$$,Waterloo,,,,,Burgers,,,,
151.199621,-33.8075848,0,Super Nash Brothers Willoughby,Burgers,$$,Willoughby,,,,,Burgers,,,,
151.1065066,-33.7070258,0,Super Nash Brothers Waitara,Burgers,$$,Waitara,,,,,Burgers,,,,
151.2215534,-33.8304439,0,WingMill,Burgers,$,Neutral Bay,,,,,Burgers,,,,
151.133577,-34.002072,0,Café Bella Dee,Brunch,$$,Sans Souci,,,,,Brunch,,,,
151.139726,-33.8813827,0,Yakitori Jin Haberfield,Japanese,$$,Haberfield,,,,,Japanese,,,,
151.1257446,-33.9504096,0,Sweet Beirut,Dessert,$,Bexley,,,,,Dessert,,,,
151.1985021,-33.8246459,0,Moon Phase,Bakery,$,St Leonards,,,,,Bakery,,,,
151.1893166,-33.8817186,0,YIN Viennoiserie,Dessert,$,Glebe,,,,,Dessert,,,,
151.2206205,-33.8731172,0,The Old Fitzroy Hotel,Australian,$$$,Woolloomooloo,,,,,Australian,,,,
151.0698577,-33.9661657,0,The Naked Baker,Brunch,$$,Mortdale,,,,,Brunch,,,,
151.2133581,-33.8460332,0,Cool Mac,Brunch,$$,Kirribilli,,,,,Brunch,,,,
151.2047086,-33.8312548,0,Cre Asion,Drinks,$,North Sydney,,,,,Drinks,,,,
151.2026469,-33.8911178,0,BUSH,Australian,$$,Redfern,,,,,Australian,,,,
151.209401,-33.8808376,0,Malibu Sydney,Sandwiches,$,Surry Hills,,,,,Sandwiches,,,,
150.9873879,-33.8354573,0,IFTAR,Brunch,$$,Merrylands,,,,,Brunch,,,,
151.0080889,-33.6020137,0,Glenorie Bakery,Bakery,$,Glenorie,,,,,Bakery,,,,
151.2245132,-33.8730888,0,Ms.Cattea Tea Bar,Drinks,$,Potts Point,,,,,Drinks,,,,
151.2037227,-33.8928692,0,BART Jr.,Wine Bar,$$$,Redfern,,,,,Wine Bar,,,,
151.155989,-33.960973,0,Omnia Restaurant and shisha lounge,Brunch,$$$,Brighton,,,,,Brunch,,,,
150.8875759,-33.944543,0,Tasty Tenders,Chicken,$,Prestons,,,,,Chicken,,,,
150.9616689,-33.9242178,0,Seddy's Takeaway,Chicken,$,Chipping Norton,,,,,Chicken,,,,
151.2411332,-33.9164791,0,El Jannah Chicken Randwick,Chicken,$,Randwick,,,,,Chicken,,,,
151.1960501,-33.8679138,0,Eat Ozzo,Sandwiches,$,Pyrmont,,,,,Sandwiches,,,,
151.2038962,-33.8779365,0,Dragon Pastry,Dessert,$,Haymarket,,,,,Dessert,,,,
151.2063283,-33.8746681,0,LeTAO Sydney,Dessert,$$,CBD,,,,,Dessert,,,,
151.2039309,-33.8789164,0,Sweet Lu,Dessert,$,Haymarket,,,,,Dessert,,,,
151.1807206,-33.8962568,0,Sweet Lu Newtown,Dessert,$,Newtown,,,,,Dessert,,,,
151.1650355,-33.9059051,0,Shadow Baking - Marrickville,Bakery,$,Marrickville,,,,,Bakery,,,,
151.1951825,-33.8831578,0,Buttercrumbs Croissant Ultimo,Bakery,$,Ultimo,,,,,Bakery,,,,
151.1661807,-33.9169468,0,Sippenham,Wine Bar,$$$,Sydenham,,,,,Wine Bar,,,,
151.1784475,-33.8963364,0,Osteria Mucca,Italian,$$$,Newtown,,,,,Italian,,,,
151.2125193,-33.8834095,0,Bessie's & Alma's,Wine Bar,$$$$,Surry Hills,,,,,Wine Bar,,,,
151.1521776,-34.0572487,0,Hendrix Coffee Co,Brunch,$$,Cronulla,,,,,Brunch,,,,
151.2150866,-33.8781787,0,A.P Bread & Wine (A.P Bakery),Wine Bar,$$$,Darlinghurst,,,,,Wine Bar,,,,
151.207085,-33.840619,0,Lode Pies & Pastries North Sydney,Bakery,$,North Sydney,,,,,Bakery,,,,
151.1836888,-33.8842214,0,Kneed Bread Café,Sandwiches,$,Forest Lodge,,,,,Sandwiches,,,,
151.0341269,-33.913447,0,Peanut Butter Bar Dessert Bankstown,Dessert,$$,Bankstown,,,,,Dessert,,,,
151.1924331,-33.8667715,0,Lucky Pickle,Sandwiches,$,Pyrmont,,,,,Sandwiches,,,,
151.286882,-33.79702,0,Tenacious Bakehouse Manly,Brunch,$$,Manly,,,,,Brunch,,,,
151.2023972,-33.86428,0,Brooklyn Bridge Deli,Sandwiches,$,Barangaroo,,,,,Sandwiches,,,,
151.2487136,-33.8959615,0,Bar Lucio,Brunch,$,Queens Park,,,,,Brunch,,,,
151.1972667,-33.8701102,0,The Famous Pyrmont,Brunch,$,Pyrmont,,,,,Brunch,,,,
151.2027871,-33.8786649,0,FREO DARLING SQUARE,Dessert,$,Haymarket,,,,,Dessert,,,,
151.2705504,-33.8700985,0,Lavie & Belle Bakery Rose Bay,Bakery,$,Rose Bay,,,,,Bakery,,,,
151.204225,-33.8681114,0,Humble Bakery - Kent Street,Bakery,$,CBD,,,,,Bakery,,,,
151.1615191,-33.9133998,0,Tokyo Lamington & the Bakery,Bakery,$,Marrickville,,,,,Bakery,,,,
151.2049537,-33.9067138,0,Haven Coffee - Green Square,Drinks,$,Zetland,,,,,Drinks,,,,
151.237924,-33.9377817,0,BSP'ERIA Maroubra,Italian,$$,Maroubra,,,,,Italian,,,,
151.1993619,-33.9017854,0,Empanadas Factory Alexandria,Mexican,$,Alexandria,,,,,Mexican,,,,
151.2090944,-33.8811164,0,40Res,Wine Bar,$$$,Surry Hills,,,,,Wine Bar,,,,
151.0793887,-33.9804596,0,Vinny's Bread & Wine,Sandwiches,$,Oatley,,,,,Sandwiches,,,,
151.1619383,-33.9097177,0,Bertas,Sandwiches,$,Marrickville,,,,,Sandwiches,,,,
151.2134831,-33.888729,0,Pan Divino,Italian,$$$,Surry Hills,,,,,Italian,,,,
151.2031866,-33.8677543,0,Ela Ela,Greek,$$$,CBD,,,,,Greek,,,,
151.2075507,-33.8653073,0,La Panineria,Sandwiches,$$,CBD,,,,,Sandwiches,,,,
151.2212644,-33.8779071,0,GAZI Sydney Supper Club,Greek,$$$,Darlinghurst,,,,,Greek,,,,
151.2174524,-33.8811457,0,Burger Bros Sydney,Burgers,$,Darlinghurst,,,,,Burgers,,,,
151.2697908,-33.8693817,0,Amore e Sapori From Napoli ,Italian,$$,Rose Bay,,,,,Italian,,,,
151.2716827,-33.8895899,0,LULU,Japanese,$$,Bondi,,,,,Japanese,,,,
151.206172,-33.867479,0,Margot Osteria,Italian,$$$,CBD,,,,,Italian,,,,
151.2484681,-33.8916967,0,Hi Hi Burger,Burgers,$,Bondi Junction,,,,,Burgers,,,,
151.2712894,-33.8889886,0,Chaco Ramen Bondi,Ramen,$$,Bondi,,,,,Ramen,,,,
151.2789263,-33.7668264,0,ButterBoy,Dessert,$,Brookvale,,,,,Dessert,,,,
150.9107626,-33.7711464,0,Gursha Ethiopian,African,$$,Blacktown,,,,,African,,,,
151.0837403,-33.8278507,0,Komo Katsu,Japanese,$$,Rhodes,,,,,Japanese,,,,
151.1696051,-33.9077964,0,Metro Brew'In,Sandwiches,$$,Marrickville,,,,,Sandwiches,,,,
151.2379639,-33.8884401,0,Queen Street Italian,Italian,$$$,Woollahra,,,,,Italian,,,,
151.2233812,-33.8729088,0,Dedys Café Potts Point,Brunch,$$,Potts Point,,,,,Brunch,,,,
151.2065787,-33.8375376,0,TOKI Bistro & Bar,Japanese,$$$$,North Sydney,,,,,Japanese,,,,
151.2027492,-33.9225835,0,Keens sandwich shop,Sandwiches,$,Rosebery,,,,,Sandwiches,,,,
151.2251561,-33.8759585,0,Vermuteria Bar,Spanish,$$$,Potts Point,,,,,Spanish,,,,
151.2202977,-33.8688866,0,Akti,Greek,$$$$,Woolloomooloo,,,,,Greek,,,,
151.2167646,-33.8799799,0,Avia Restaurant,Italian,$$$,Darlinghurst,,,,,Italian,,,,
151.2252373,-33.8700242,0,Potts Point Providore,Brunch,$,Potts Point,,,,,Brunch,,,,
151.2738153,-33.8910977,0,Rivareno Gelato Bondi,Gelato,$,Bondi,,,,,Gelato,,,,
151.2120881,-33.8916265,0,Gelato Messina Redfern,Gelato,$,Redfern,,,,,Gelato,,,,
151.2041883,-33.8720856,0,Omakase by Prefecture 48,Omakase,$$$$$$,CBD,,,,,Omakase,,,,
151.2096435,-33.8230503,0,Sushi Oe,Omakase,$$$$$$,Cammeray,,,,,Omakase,,,,
151.2121588,-33.8916049,0,R by Raita Noda.,Omakase,$$$$$$,Redfern,,,,,Omakase,,,,
151.2030368,-33.8649549,0,Tsuzumi Omakase,Omakase,$$$$$$,Barangaroo,,,,,Omakase,,,,
151.1639316,-33.8936706,0,Baking 101,Bakery,$,Stanmore,,,,,Bakery,,,,
151.2658764,-33.8943422,0,sundays bondi,Dessert,$,Bondi,,,,,Dessert,,,,
150.681639,-33.8015912,0,Al Dente Ristorante,Italian,$$,Glenmore Park,,,,,Italian,,,,
151.1987099,-33.9035821,0,Wholegreen Bakery & Café Alexandria,Bakery,$,Alexandria,,,,,Bakery,,,,
151.1069185,-33.9675126,0,Lusinata,Dessert,$,Hurstville,,,,,Dessert,,,,
150.9961948,-33.8501918,0,Smash Brothers,Burgers,$,Guildford,,,,,Burgers,,,,
151.2114697,-33.8683571,0,La Riviera Restaurant & Bar,Italian,$$$,CBD,,,,,Italian,,,,
151.2157255,-33.8756511,0,Funkatello,Italian,$$,Darlinghurst,,,,,Italian,,,,
151.2022443,-33.883553,0,Bucara Street Food,Burgers,$$,Ultimo,,,,,Burgers,,,,
151.1808897,-33.9060603,0,Pistou,Wine Bar,$$$,Newtown,,,,,Wine Bar,,,,
151.2050077,-33.8281165,0,New Yamanishi,Japanese,$$,Crows Nest,,,,,Japanese,,,,
151.1841896,-33.7964481,0,Sou Ramen Lab Chatswood,Ramen,$,Chatswood,,,,,Ramen,,,,
151.2057928,-33.9115524,0,Kosuke Ramen,Ramen,$$,Rosebery,,,,,Ramen,,,,
151.1729677,-33.8991289,0,Kazuki Enmore,Japanese,$$,Enmore,,,,,Japanese,,,,
151.1550704,-33.8946353,0,Dai Romani,Italian,$$,Petersham,,,,,Italian,,,,
151.1711333,-33.8992306,0,Enmore Delicious Roll,Banh Mi,$,Enmore,,,,,Banh Mi,,,,
151.171221,-33.887063,0,Nelson's Nest,Brunch,$$,Annandale,,,,,Brunch,,,,
151.1783851,-33.8961747,0,Flora,Australian,$$$$,Newtown,,,,,Australian,,,,
151.2075867,-33.8363245,0,ASLAN Coffee North Sydney,Brunch,$,North Sydney,,,,,Brunch,,,,
151.2505012,-33.8915695,0,Pappa Flock - Bondi Junction,Chicken,$,Bondi Junction,,,,,Chicken,,,,
151.1283865,-33.8746573,0,Four Bros Burgers,Burgers,$,Haberfield,,,,,Burgers,,,,
151.171372,-33.8960244,0,Mixed Business Enmore,Wine Bar,$$,Enmore,,,,,Wine Bar,,,,
151.18613,-33.7945647,0,Burger Point Chatswood,Burgers,$,Chatswood,,,,,Burgers,,,,
151.0790017,-33.7919079,0,Tea Republic Eastwood,Drinks,$,Eastwood,,,,,Drinks,,,,
151.0041795,-33.8833203,0,KISS MY BUTTER BAKERS,Bakery,$,Chester Hill,,,,,Bakery,,,,
151.2703338,-33.8887488,0,Bondi Boulangerie Bondi Beach,Bakery,$,Bondi,,,,,Bakery,,,,
151.2280847,-33.8718123,0,1919,Brunch,$,Elizabeth Bay,,,,,Brunch,,,,
151.2013327,-33.8619964,0,Sacrebleu ! CanelÃ©s & Co at Crown Sydney,Bakery,$,Barangaroo,,,,,Bakery,,,,
151.0947337,-34.0144448,0,Dough'd Up,Bakery,$,Sylvania,,,,,Bakery,,,,
151.2135579,-33.886291,0,Bacino Espresso Surry hills,Brunch,$,Surry Hills,,,,,Brunch,,,,
151.10735,-33.8483595,0,Yum Yum Bakery Concord,Brunch,$,Concord,,,,,Brunch,,,,
151.2682266,-33.8944742,0,The TinPin Bakery,Bakery,$,Bondi,,,,,Bakery,,,,
151.1685533,-33.9030652,0,Superfreak,Brunch,$$,Marrickville,,,,,Brunch,,,,
151.2058274,-33.8761792,0,The Melting Cheese,Asian-Fusion,$$,CBD,,,,,Asian-Fusion,,,,
151.1564406,-33.8533071,0,Tonino's International,Sandwiches,$$,Drummoyne,,,,,Sandwiches,,,,
151.1259266,-33.9684752,0,Unfiltered Carlton,Brunch,$$,Carlton,,,,,Brunch,,,,
151.2093149,-33.8683054,0,Rovollo Restaurant and Wine Room,Italian,$$$$,CBD,,,,,Italian,,,,
151.1946793,-33.8231439,0,Flying Hat,Dessert,$,St Leonards,,,,,Dessert,,,,
151.2051536,-33.8693528,0,Clarence and V,Middle-Eastern,$$,CBD,,,,,Middle-Eastern,,,,
151.2731192,-33.8856613,0,Greenbergs Counter & Catering,Salads,$$,Bondi,,,,,Salads,,,,
151.1253236,-33.9825365,0,MLK DELI - KOOL KOGARAH,Sandwiches,$$,Kogarah Bay,,,,,Sandwiches,,,,
151.176181,-33.8095361,0,Sydney Daifuku Store,Dessert,$,Lane Cove,,,,,Dessert,,,,
151.181099,-33.9063396,0,Little Vietnam roll & juice,Banh Mi,$,Newtown,,,,,Banh Mi,,,,
151.2430874,-33.9034773,0,Tutto Vero Randwick,Italian,$$,Randwick,,,,,Italian,,,,
151.2148073,-33.8798597,0,Amuro,Japanese,$$$,Darlinghurst,,,,,Japanese,,,,
151.20973,-33.880177,0,The Rover,Wine Bar,$$,Surry Hills,,,,,Wine Bar,,,,
151.2146487,-33.8803023,0,Lil' miss piggy,Middle-Eastern,$$,Surry Hills,,,,,Middle-Eastern,,,,
151.2096947,-33.8723665,0,Bambini Trust Restaurant & Wine Room,Italian,$$$$,CBD,,,,,Italian,,,,
151.2269659,-33.8728478,0,Divino Osteria,Italian,$$$,Elizabeth Bay,,,,,Italian,,,,
151.1826556,-33.8548209,0,The Dry Dock Public House and Dining Room,Australian,$$$$,Balmain,,,,,Australian,,,,
151.2210089,-33.8783725,0,Nomidokoro Indigo,Indigo,$$,Darlinghurst,,,,,Indigo,,,,
151.0095672,-33.8292395,0,Renegade Burgers,Burgers,$,Granville,,,,,Burgers,,,,
150.8826123,-33.929144,0,Toby's Milkbar,Sandwiches,$,Prestons,,,,,Sandwiches,,,,
151.259546,-33.8726567,0,RasÄ House,Asian-Fusion,$$$,Rose Bay,,,,,Asian-Fusion,,,,
151.2735354,-33.8739184,0,Lil' Mix Bakery,Bakery,$,Rose Bay,,,,,Bakery,,,,
151.1837665,-33.7955624,0,Smoque Brasserie Chatswood,French,$$$,Chatswood,,,,,French,,,,
151.1733588,-33.898695,0,Vineria Luisa,Italian,$$$,Enmore,,,,,Italian,,,,
151.1720921,-33.8655859,0,Roberto's Cakes - Rozelle,Bakery,$,Rozelle,,,,,Bakery,,,,
151.089305,-33.9194275,0,Smeed,Dessert,$,Belmore,,,,,Dessert,,,,
151.2015442,-33.8736227,0,SMiZE & DREAM,Gelato,$,CBD,,,,,Gelato,,,,
150.9539234,-33.8688839,0,Malaak Baghdad Restaurant,Sandwiches,$,Fairfield,,,,,Sandwiches,,,,
151.1897499,-33.9049833,0,The Corner,Brunch,$,Alexandria,,,,,Brunch,,,,
151.2856013,-33.7962231,0,Banco Manly,Wine Bar,$$$,Manly,,,,,Wine Bar,,,,
151.2078309,-33.8734117,0,Otogo - Sydney CBD,Japanese,$,CBD,,,,,Japanese,,,,
151.2853472,-33.7923035,0,Wilburs.,Sandwiches,$,Manly,,,,,Sandwiches,,,,
151.1986983,-33.8846021,0,Bar Freda's,Wine Bar,$$$,Chippendale,,,,,Wine Bar,,,,
151.0696945,-33.8458628,0,Soban By Joseon,Korean,$$$,Sydney Olympic Park,,,,,Korean,,,,
151.2114585,-33.8110755,0,Jihomakase,Omakase,$$$$$,Northbridge,,,,,Omakase,,,,
151.210735,-33.8814517,0,Elf & Taco,Mexican,$$,Surry Hills,,,,,Mexican,,,,
151.172945,-33.8562514,0,Cicci Food & Wine,Wine Bar,$$$,Balmain,,,,,Wine Bar,,,,
151.2053429,-33.870778,0,De Vine Food & Wine,Wine Bar,$$$$,CBD,,,,,Wine Bar,,,,
151.0177439,-34.0121591,0,RockSalt,Australian,$$$$,Menai,,,,,Australian,,,,
151.2814818,-33.8895295,0,Sean's,Australian,$$$$$,Bondi,,,,,Australian,,,,
151.2507172,-33.8950625,0,Osteria Riva,Italian,$$$$,Bondi Junction,,,,,Italian,,,,
151.2134042,-33.8814667,0,Pasta Emilia,Italian,$$$,Surry Hills,,,,,Italian,,,,
151.0986743,-33.9290322,0,Get Fried Belmore,Chicken,$$,Belmore,,,,,Chicken,,,,
151.2036225,-33.8810155,0,Mokomoko Patisserie,Dessert,$,Haymarket,,,,,Dessert,,,,
151.199783,-33.8965247,0,Hendry's Waterloo,Drinks,$,Waterloo,,,,,Drinks,,,,
151.18613,-33.7945647,0,Dragon Pastry Chatswood,Dessert,$,Chatswood,,,,,Dessert,,,,
151.2022124,-33.8779498,0,15cenchi Japanese Cheesecake Darling Square,Dessert,$,Haymarket,,,,,Dessert,,,,
151.1808845,-33.9075184,0,domo 39,Japanese,$,St Peters,,,,,Japanese,,,,
151.2704049,-33.8892372,0,Kazzi Beach Greek Bondi,Greek,$$,Bondi,,,,,Greek,,,,
151.1810183,-33.8959689,0,Bistro Grenier,French,$$$,Newtown,,,,,French,,,,
151.2418283,-33.8771251,0,BARTIGA,Australian,$$$,Double Bay,,,,,Australian,,,,
151.2729674,-33.8739714,0,Lil Mix Deli,Sandwiches,$,Rose Bay,,,,,Sandwiches,,,,
151.2007321,-33.9003322,0,Small Talk Espresso Bar & Kitchen Waterloo,Brunch,$,Waterloo,,,,,Brunch,,,,
151.2108346,-33.8627873,0,Green Shiso Omakase,Omakase,$$$$$$,Circular Quay,,,,,Omakase,,,,
151.0316709,-33.9505238,0,Bottom of the Barrel BBQ Padstow,BBQ,$$,Padstow,,,,,BBQ,,,,
151.2413795,-33.877412,0,Gran Torino Double Bay,Italian,$$$$,Double Bay,,,,,Italian,,,,
151.18613,-33.7945647,0,FREO CHATSWOOD CHASE,Dessert,$,Chatswood,,,,,Dessert,,,,
151.2014267,-33.8645231,0,Bourke Street Bakery Barangaroo,Bakery,$,Barangaroo,,,,,Bakery,,,,
151.1937099,-33.9209029,0,Bourke Street Bakery Alexandria,Bakery,$,Alexandria,,,,,Bakery,,,,
151.2208246,-33.8301587,0,Bourke Street Bakery Neutral Bay,Bakery,$,Neutral Bay,,,,,Bakery,,,,
151.2082342,-33.8375735,0,Bourke Street Bakery North Sydney,Bakery,$,North Sydney,,,,,Bakery,,,,
151.1627797,-33.9081547,0,Bourke Street Bakery Marrickville,Bakery,$,Marrickville,,,,,Bakery,,,,
151.2142645,-33.9468183,0,Bourke Street Bakery Banksmeadow,Bakery,$,Banksmeadow,,,,,Bakery,,,,
151.2049296,-33.8671505,0,Machiavelli Ristorante Italiano,Italian,$$$$,CBD,,,,,Italian,,,,
151.0569777,-33.8342729,0,Kosuke Ramen,Ramen,$$,Newington,,,,,Ramen,,,,
151.2244514,-33.9445604,0,Pappa Flock - Eastgardens,Chicken,$,Eastgardens,,,,,Chicken,,,,
151.1569295,-33.9109391,0,Pappa Flock - Marrickville,Chicken,$,Marrickville,,,,,Chicken,,,,
151.2861013,-33.7526369,0,Sacrebleu ! CanelÃ©s & Co,Bakery,$,Dee Why,,,,,Bakery,,,,
151.2080323,-33.8391147,0,Bacino Bar,Brunch,$,North Sydney,,,,,Brunch,,,,
151.2440858,-33.8314129,0,Bacino espresso bar,Brunch,$,Mosman,,,,,Brunch,,,,
151.2893232,-33.7625927,0,Bacino Espresso Curl Curl,Brunch,$,Curl Curl,,,,,Brunch,,,,
151.2641393,-33.7944796,0,Bacino Espresso Balgowlah,Brunch,$,Balgowlah,,,,,Brunch,,,,
151.3118309,-33.6795082,0,Bacino Espresso Mona Vale Beach,Brunch,$,Mona Vale,,,,,Brunch,,,,
151.2045819,-33.8673501,0,Flying Hat Kent,Dessert,$,CBD,,,,,Dessert,,,,
151.1949658,-33.8823569,0,OTOGO,Japanese,$,Ultimo,,,,,Japanese,,,,
151.2071504,-33.8724408,0,15cenchi Japanese cheesecake The Galeries,Dessert,$,CBD,,,,,Dessert,,,,
151.2068859,-33.8768247,0,Brooklyn Bridge Deli,Sandwiches,$,CBD,,,,,Sandwiches,,,,
151.2095335,-33.8632582,0,Bondi Boulangerie CBD,Bakery,$,CBD,,,,,Bakery,,,,
